datetime,temperature_2m,relative_humidity_2m,surface_pressure,wind_speed_10m,wind_direction_10m,precipitation,sea_surface_temperature,cape,tcwv,swvl1,cin,u_850,v_850,specific_humidity_850,oni_anom
2021-01-01 07:00:00+07:00,19.55,73.09462,1020.68506,25.922499,37.665695,0.0,23.9385911734596,62.0,38.80592346191406,0.2718758583068847,,-6.032048195025713,-7.59633190206988,0.0075437446463462,-0.99
2021-01-01 08:00:00+07:00,19.7,69.8865,1021.48486,26.208397,37.184795,0.0,23.9385911734596,55.125,39.17950439453125,0.2716029584407806,,-6.00799200184196,-7.602682048737167,0.0075585871758718,-0.99
2021-01-01 09:00:00+07:00,19.95,67.92489,1021.9851,27.169865,32.005356,0.0,23.9385911734596,37.625,39.50416564941406,0.2715261578559875,,-5.838210512061774,-7.573663885686162,0.0075549396339024,-0.99
2021-01-01 10:00:00+07:00,20.5,65.01823,1021.98645,25.992397,30.827597,0.0,23.9385911734596,23.0,39.682891845703125,0.270914763212204,,-5.683356837718876,-7.609519137078266,0.0075632969869451,-0.99
2021-01-01 11:00:00+07:00,20.4,67.358574,1021.58636,25.944988,29.054508,0.0,23.9385911734596,18.75,39.88945007324219,0.2703631222248077,,-5.414366107422974,-7.584902029866536,0.0075783624559232,-0.99
2021-01-01 12:00:00+07:00,20.15,69.74742,1020.8862,26.099379,24.443953,0.2,23.9385911734596,14.25,40.15068054199219,0.2702943980693817,,-5.141783155378762,-7.563000291521515,0.0075844137242529,-0.99
2021-01-01 13:00:00+07:00,20.15,69.29807,1019.9869,25.809765,22.988754,0.1,23.9385911734596,11.25,40.63882446289063,0.2695783674716949,,-4.874231385115919,-7.373142311588433,0.0075755977842053,-0.99
2021-01-01 14:00:00+07:00,19.95,69.25896,1019.4869,25.478743,23.304924,0.1,23.9385911734596,8.25,40.869720458984375,0.2689573764801025,,-4.986129010274278,-7.151747394886686,0.0075751283037379,-0.99
2021-01-01 15:00:00+07:00,19.85,68.56916,1019.38654,25.0064,22.873707,0.1,23.9385911734596,6.875,40.91596984863281,0.2683440744876861,,-5.153285886927946,-6.923423677018919,0.0075990163431721,-0.99
2021-01-01 16:00:00+07:00,19.65,68.75232,1019.48627,22.870626,28.178495,0.5,23.9385911734596,6.0,40.69670104980469,0.2678808867931366,,-5.229654534051326,-6.828341799923761,0.0076144948043892,-0.99
2021-01-01 17:00:00+07:00,19.6,67.85401,1019.88556,21.26744,33.959103,0.1,23.9385911734596,12.625,40.72572326660156,0.2677097022533417,,-5.516500777607356,-5.566369122231828,0.0077382316326362,-0.99
2021-01-01 18:00:00+07:00,19.65,66.98614,1020.1858,21.817902,37.6263,0.0,23.9385911734596,7.0,40.70404052734375,0.2674622535705566,,-5.895359562715676,-5.406319323532184,0.0077836536387358,-0.99
2021-01-01 19:00:00+07:00,20.0,67.714905,1020.1864,20.570463,32.85573,0.0,23.9385911734596,6.25,40.87419128417969,0.2672452330589294,,-6.163518063170087,-5.322393214061631,0.0078654260872861,-0.99
2021-01-01 20:00:00+07:00,19.7,68.09531,1020.2857,17.673029,33.366394,0.0,23.9385911734596,6.625,41.39329528808594,0.2670826017856598,,-6.333313536564016,-5.0280119484434245,0.0079708984438867,-0.99
2021-01-01 21:00:00+07:00,19.6,68.07515,1020.1854,16.79314,30.963696,0.0,23.9385911734596,5.5,42.08685302734375,0.266923040151596,,-6.440945337106673,-4.528140922867545,0.0080710920967322,-0.99
2021-01-01 22:00:00+07:00,19.55,68.06508,1019.98553,14.182355,23.962492,0.0,23.9385911734596,6.25,42.66499328613281,0.2667778432369232,,-6.5529666650696985,-4.048662357613291,0.0081678900518782,-0.99
2021-01-01 23:00:00+07:00,19.6,68.07515,1019.6858,12.413476,16.858482,0.0,23.9385911734596,7.875,43.15571594238281,0.2666409611701965,,-6.564138949766472,-3.792274635039622,0.0083169674022355,-0.99
2021-01-02 00:00:00+07:00,19.65,68.75232,1019.18646,12.245293,24.304548,0.0,23.9385911734596,8.375,43.52244567871094,0.2665111422538757,,-6.485405624258207,-3.723482417676125,0.0084780291811378,-0.99
2021-01-02 01:00:00+07:00,19.7,70.34071,1018.58685,14.168641,27.216026,0.0,23.9385911734596,24.875,43.788818359375,0.2664744257926941,,-6.3461318828025055,-3.629613973187624,0.008632086093389,-0.99
2021-01-02 02:00:00+07:00,19.4,73.54159,1018.38635,16.904673,26.564985,0.0,23.9385911734596,29.875,43.79383850097656,0.266542375087738,,-6.183875592757316,-3.776133037913653,0.0087468073848526,-0.99
2021-01-02 03:00:00+07:00,19.45,75.22811,1017.9867,16.516901,20.409975,0.1,23.9385911734596,24.625,43.97508239746094,0.2667946219444275,,-6.101127029997088,-3.977681804750489,0.0088364288809523,-0.99
2021-01-02 04:00:00+07:00,19.55,74.52181,1017.78705,16.055353,19.653913,0.1,23.9385911734596,28.75,44.17900085449219,0.2669553160667419,,-5.954106394320911,-4.188708906977762,0.0088913075130834,-0.99
2021-01-02 05:00:00+07:00,19.15,78.641594,1018.0859,21.518847,17.525654,0.1,23.97232474018955,29.375,43.31358337402344,0.2674793601036072,,-5.979522366159697,-4.356600618420782,0.0087854056004599,-0.99
2021-01-02 06:00:00+07:00,19.45,76.20191,1018.4863,21.629978,18.435053,0.2,23.97232474018955,34.125,43.1190185546875,0.268307626247406,,-5.967696307384693,-4.181691891505744,0.0088404575918049,-0.99
2021-01-02 07:00:00+07:00,19.05,76.87744,1019.5846,18.775301,4.398633,0.3,23.97232474018955,44.875,42.91401672363281,0.2696050703525543,,-5.880974330483351,-4.123363565238428,0.008885601828785,-0.99
2021-01-02 08:00:00+07:00,19.2,77.895424,1020.28436,19.559633,6.3401003,0.4,23.97232474018955,42.375,42.67742919921875,0.2701647877693176,,-5.669285791132935,-4.106636703428945,0.0089197632165029,-0.99
2021-01-02 09:00:00+07:00,19.6,75.25278,1020.5851,20.898611,10.922761,0.6,23.97232474018955,35.875,42.3719482421875,0.2706989347934723,,-5.438683354661143,-3.9160689117214527,0.0089682185393111,-0.99
2021-01-02 10:00:00+07:00,19.25,81.47289,1020.48456,21.129883,13.799514,0.7,23.97232474018955,26.625,42.160247802734375,0.2710630893707275,,-5.118800872462662,-3.743713298859687,0.0090142137445988,-0.99
2021-01-02 11:00:00+07:00,19.6,79.718895,1019.6858,19.559633,6.3401003,0.4,23.97232474018955,9.25,42.10725402832031,0.2713351845741272,,-4.676924764444959,-3.412159145953764,0.0090685586929554,-0.99
2021-01-02 12:00:00+07:00,19.9,77.0091,1018.58746,19.586117,17.102825,0.2,23.97232474018955,11.625,42.25579833984375,0.2714721262454986,,-4.112340006231998,-3.2336348390078444,0.009102469125174,-0.99
2021-01-02 13:00:00+07:00,20.3,73.22629,1017.3893,20.150354,18.758749,0.5,23.97232474018955,5.625,42.61851501464844,0.271773099899292,,-3.694440351126509,-3.043592066588729,0.0090975892409335,-0.99
2021-01-02 14:00:00+07:00,20.3,72.7578,1016.8896,19.011953,18.778133,0.3,23.97232474018955,5.5,43.12705993652344,0.2715188860893249,,-3.4709106079768084,-3.021187520965714,0.0090772045069385,-0.99
2021-01-02 15:00:00+07:00,20.2,72.97406,1016.9892,16.965895,17.281584,0.0,23.97232474018955,2.375,43.58885192871094,0.2714161574840545,,-3.4299431662947533,-3.0290979165075416,0.0090643299801119,-0.99
2021-01-02 16:00:00+07:00,20.0,73.882545,1017.3883,14.345898,17.52567,0.1,23.97232474018955,6.0,43.80335998535156,0.2711509764194488,,-3.4074424241788286,-3.172211127017117,0.0090571203372877,-0.99
2021-01-02 17:00:00+07:00,19.85,74.33309,1017.5878,13.779114,19.855309,0.1,23.97232474018955,0.75,42.77244567871094,0.2706479132175445,,-3.579719111115567,-2.7855602020915184,0.0089069953858253,-0.99
2021-01-02 18:00:00+07:00,19.95,72.4619,1017.88794,12.0694,17.354122,0.0,23.97232474018955,5.375,43.07925415039063,0.2704206109046936,,-3.816543341655984,-2.340800950298786,0.0089679616170537,-0.99
2021-01-02 19:00:00+07:00,19.65,78.462845,1018.38696,8.825508,11.76827,0.0,23.97232474018955,8.625,43.25642395019531,0.2701786756515503,,-3.882316622992481,-1.95717895545154,0.0090414038575276,-0.99
2021-01-02 20:00:00+07:00,19.4,81.75227,1018.88605,8.089993,20.854538,0.1,23.97232474018955,7.5,43.31742858886719,0.2699768543243408,,-3.87691729842708,-1.3105245556336778,0.0091581698315078,-0.99
2021-01-02 21:00:00+07:00,19.3,83.84878,1018.78577,5.154415,24.775122,0.0,23.97232474018955,8.5,43.1942138671875,0.2697458565235138,,-3.827873143481411,-0.6695001419794157,0.0093030437393135,-0.99
2021-01-02 22:00:00+07:00,19.2,86.81747,1018.5855,4.3349743,355.23645,0.0,23.97232474018955,7.5,43.00779724121094,0.2695514559745788,,-3.816060839315019,-0.0471293379937701,0.0094649087298601,-0.99
2021-01-02 23:00:00+07:00,19.05,88.749794,1018.2855,4.198285,300.96368,0.0,23.97232474018955,5.5,42.84968566894531,0.2693665623664856,,-3.761363552852467,0.4271386642882279,0.0096387413117463,-0.99
2021-01-03 00:00:00+07:00,18.8,89.86079,1017.885,3.9763298,264.80566,0.1,23.97232474018955,7.125,42.82508850097656,0.2691918611526489,,-3.885065509529431,0.6692739900807182,0.0097841112540388,-0.99
2021-01-03 01:00:00+07:00,18.65,90.42069,1017.0854,7.8625183,254.05453,0.1,23.97232474018955,7.75,43.010833740234375,0.2690083980560303,,-3.904355740481579,0.7900563151849287,0.0099043984652053,-0.99
2021-01-03 02:00:00+07:00,18.6,88.15149,1016.68567,8.089993,249.14546,0.0,23.97232474018955,8.0,43.34123229980469,0.2688506245613098,,-4.1645621799312735,0.5540598945285594,0.0099925990078994,-0.99
2021-01-03 03:00:00+07:00,18.7,87.04672,1015.98615,7.072878,255.2564,0.0,23.97232474018955,9.25,43.62879943847656,0.2686831355094909,,-4.311182605777159,0.1394715581537022,0.0100612133532215,-0.99
2021-01-03 04:00:00+07:00,18.8,87.88925,1015.68665,5.8048253,262.8751,0.0,23.97232474018955,8.5,43.79832458496094,0.2685110867023468,,-4.596974888430547,-0.5606724865009483,0.0100932628378507,-0.99
2021-01-03 05:00:00+07:00,18.95,88.46108,1015.98676,5.0528407,274.08554,0.0,23.94324500487238,3.125,43.5667724609375,0.2683426737785339,,-4.564763594563429,-1.4163013583376496,0.0100242475339273,-0.99
2021-01-03 06:00:00+07:00,19.15,89.88651,1016.6869,4.5536795,288.43503,0.1,23.94324500487238,11.375,43.41403198242188,0.2682123780250549,,-5.180566043002968,-2.0319293185361733,0.0100057228472566,-0.99
2021-01-03 07:00:00+07:00,19.6,87.40523,1017.5872,4.6102495,321.34018,0.2,23.94324500487238,20.0,43.41654968261719,0.2682493925094604,,-5.672801666131174,-2.540280882551358,0.0099463606301587,-0.99
2021-01-03 08:00:00+07:00,20.25,88.29103,1018.3882,7.0911775,23.962492,0.4,23.94324500487238,32.5,43.41203308105469,0.2683899104595184,,-5.944925586169714,-2.6185386234176216,0.0099424843187006,-0.99
2021-01-03 09:00:00+07:00,21.25,82.500374,1018.8904,13.18308,34.9921,0.7,23.94324500487238,31.375,43.39596557617188,0.2682147026062011,,-6.200913658758528,-2.536081242780428,0.0099965065962606,-0.99
2021-01-03 10:00:00+07:00,21.55,81.25278,1018.7912,16.179987,32.275623,0.5,23.94324500487238,18.875,43.51670837402344,0.2680357098579407,,-6.11829292627881,-2.468202744744626,0.0100738380993603,-0.99
2021-01-03 11:00:00+07:00,21.85,79.77654,1018.3921,17.373497,34.019398,0.3,23.94324500487238,19.75,43.59800720214844,0.2677240073680877,,-5.878282884577453,-2.5010877849055646,0.010199007964376,-0.99
2021-01-03 12:00:00+07:00,21.85,80.02725,1017.6926,20.380579,35.655422,0.1,23.94324500487238,37.125,43.44429016113281,0.2682018876075744,,-5.397185709382045,-2.619019219936026,0.0103402234796672,-0.99
2021-01-03 13:00:00+07:00,21.7,81.78294,1016.89276,23.090569,30.963696,0.0,23.94324500487238,31.625,43.20320129394531,0.2693251967430115,,-5.232854419677006,-2.688804636149755,0.0104584969393939,-0.99
2021-01-03 14:00:00+07:00,21.8,80.020485,1016.2936,23.675304,28.12365,0.0,23.94324500487238,39.25,43.11582946777344,0.2709784805774688,,-5.175318492032604,-2.834984840136824,0.0105663346086619,-0.99
2021-01-03 15:00:00+07:00,21.75,80.01367,1016.0937,23.132626,20.973576,0.0,23.94324500487238,43.25,43.12738037109375,0.2714298665523529,,-5.365801659973963,-3.247152046017862,0.0106770868754216,-0.99
2021-01-03 16:00:00+07:00,21.5,81.50178,1016.3929,22.657131,17.571348,0.0,23.94324500487238,31.25,43.07685852050781,0.2718904018402099,,-5.721401648998014,-3.717237657629456,0.0107496713354394,-0.99
2021-01-03 17:00:00+07:00,21.25,81.47004,1016.59204,19.694992,18.103857,0.0,23.94324500487238,8.0,42.41777038574219,0.2710483074188232,,-5.726660278127075,-3.558205370890936,0.0106877790993016,-0.99
2021-01-03 18:00:00+07:00,21.2,81.72026,1017.09143,17.309973,16.927603,0.1,23.94324500487238,4.75,42.727874755859375,0.2708936333656311,,-6.6608375889068965,-3.5931565375478707,0.0107337421588032,-0.99
2021-01-03 19:00:00+07:00,20.95,80.919945,1017.8905,13.324863,358.45187,0.2,23.94324500487238,3.125,43.1424560546875,0.2707545161247253,,-7.298806029242058,-3.7046897122929945,0.0108076367092557,-0.99
2021-01-03 20:00:00+07:00,21.0,81.438194,1018.2902,14.417988,2.8623457,0.2,23.94324500487238,4.0,43.30494689941406,0.2706640660762787,,-7.791845295149986,-3.598492561073856,0.0108969820710086,-0.99
2021-01-03 21:00:00+07:00,21.0,83.251595,1018.39014,14.044615,1.4687687,0.5,23.94324500487238,4.25,43.01853942871094,0.2706853151321411,,-8.126667608824041,-3.383142908100476,0.0109946693249396,-0.99
2021-01-03 22:00:00+07:00,20.8,85.34685,1018.2896,12.964998,1.5911111,0.6,23.94324500487238,4.625,42.923431396484375,0.2708166837692261,,-8.384542695565587,-3.135244855738833,0.0111001430673566,-0.99
2021-01-03 23:00:00+07:00,20.7,86.95739,1017.98987,14.417988,357.13766,0.5,23.94324500487238,3.0,42.93893432617188,0.2719217240810394,,-8.447699440135175,-3.0818953379749243,0.011167810656526,-0.99
2021-01-04 00:00:00+07:00,20.65,87.77352,1017.4898,15.226764,353.21112,0.4,23.94324500487238,2.625,42.79484558105469,0.2737924456596374,,-8.305766400627677,-3.1760071871584805,0.0111982856444545,-0.99
2021-01-04 01:00:00+07:00,20.55,89.427956,1016.88995,15.226764,353.21112,0.6,23.94324500487238,1.875,42.76580810546875,0.2751651108264923,,-8.130543423572707,-3.285701200209847,0.0112174308449452,-0.99
2021-01-04 02:00:00+07:00,20.4,90.541725,1016.29004,15.111424,347.61926,0.6,23.94324500487238,1.75,42.8409423828125,0.2764952182769775,,-7.948000670173176,-3.516411114191502,0.0112346582728989,-0.99
2021-01-04 03:00:00+07:00,20.35,90.53829,1015.9903,14.332341,348.40787,0.9,23.94324500487238,1.75,42.74217224121094,0.2777981758117676,,-7.796447849621452,-3.7829536185967423,0.0112478085591359,-0.99
2021-01-04 04:00:00+07:00,20.5,91.685394,1016.1905,14.113653,354.14407,1.3,23.94324500487238,0.75,42.74142456054688,0.2779881060123443,,-7.766765935003455,-4.133630458656861,0.0112610952794643,-0.99
2021-01-04 05:00:00+07:00,20.7,90.28034,1016.6908,15.484185,358.66782,1.2,23.95420681219053,3.0,42.42791748046875,0.2782513499259949,,-7.56275300176919,-3.880617687999654,0.0113391002798529,-0.99
2021-01-04 06:00:00+07:00,20.8,90.00647,1017.09045,16.563911,358.75467,1.2,23.95420681219053,1.5,43.32051086425781,0.2779924273490906,,-7.639588830640976,-4.10869036403878,0.011347434315973,-0.99
2021-01-04 07:00:00+07:00,20.65,90.27686,1017.7896,18.35647,348.6901,1.4,23.95420681219053,2.375,44.10060119628906,0.2778738737106323,,-7.910185519235943,-4.367709046779438,0.0113309781311538,-0.99
2021-01-04 08:00:00+07:00,20.85,90.85482,1018.48987,20.06334,350.70676,0.9,23.95420681219053,1.375,44.79978942871094,0.2788081169128418,,-8.362663899228808,-4.400957514529171,0.0112846371924463,-0.99
2021-01-04 09:00:00+07:00,21.25,88.64993,1019.0903,21.2522,358.05856,0.7,23.95420681219053,4.625,45.4443359375,0.2793610692024231,,-8.550912695179274,-4.223662033338458,0.0112514558799491,-0.99
2021-01-04 10:00:00+07:00,21.5,87.30242,1019.191,21.24305,0.97099817,0.9,23.95420681219053,12.125,45.667327880859375,0.2794408500194549,,-8.376407348873306,-4.041337974632793,0.0112371333985162,-0.99
2021-01-04 11:00:00+07:00,21.7,86.240974,1018.5916,22.253124,9.309866,0.9,23.95420681219053,20.125,45.50791931152344,0.2796428501605987,,-7.933946225788393,-3.695634547094482,0.0112380185568049,-0.99
2021-01-04 12:00:00+07:00,21.65,87.58774,1017.4924,22.7057,2.7262611,0.7,23.95420681219053,25.625,45.05197143554688,0.2792908847332001,,-7.57395145498417,-3.320364698467772,0.0112209098143858,-0.99
2021-01-04 13:00:00+07:00,21.7,87.32042,1016.2932,18.64369,349.99207,0.6,23.95420681219053,27.25,44.48858642578125,0.2788600325584411,,-7.11383047006492,-3.035008422222562,0.0112352455212525,-0.99
2021-01-04 14:00:00+07:00,21.9,84.13929,1015.39453,18.681883,334.9164,0.3,23.95420681219053,28.5,43.9356689453125,0.2782326340675354,,-6.854618897917264,-3.0190613873215617,0.0112718172321301,-0.99
2021-01-04 15:00:00+07:00,21.7,86.240974,1015.194,23.664352,346.8094,0.3,23.95420681219053,23.0,43.42518615722656,0.2776371836662292,,-6.6901814398755,-3.1232688484696567,0.011305504910115,-0.99
2021-01-04 16:00:00+07:00,21.35,88.38273,1015.49316,19.881649,354.80566,0.4,23.95420681219053,15.25,43.25509643554688,0.2771772146224975,,-6.725346784745636,-3.1752803048745,0.0113044194910424,-0.99
2021-01-04 17:00:00+07:00,21.25,88.926216,1016.09235,17.373497,354.05322,0.7,23.95420681219053,1.5,43.95237731933594,0.27664914727211,,-7.286172795040192,-3.046286899259889,0.0112150898829072,-0.99
2021-01-04 18:00:00+07:00,21.15,89.47345,1016.3919,17.698677,355.33322,0.5,23.95420681219053,3.25,44.23800659179688,0.2762495577335357,,-7.55290681441099,-2.9577218847965185,0.0112337626071023,-0.99
2021-01-04 19:00:00+07:00,20.6,88.044334,1016.6904,19.523155,337.21756,0.1,23.95420681219053,2.125,44.45463562011719,0.2759688198566437,,-7.876087148519697,-3.015882172508557,0.01125891571109,-0.99
2021-01-04 20:00:00+07:00,20.65,88.04865,1017.19006,18.03237,333.94656,0.1,23.95420681219053,0.625,44.74920654296875,0.2757445573806762,,-8.030897867256863,-2.811862075316771,0.0112670651977041,-0.99
2021-01-04 21:00:00+07:00,20.6,88.044334,1017.29,15.379206,327.42596,0.1,23.95420681219053,0.5,44.99781799316406,0.2756459712982178,,-7.999195029938331,-2.4262551594712654,0.0112812473612805,-0.99
2021-01-04 22:00:00+07:00,20.45,88.03154,1017.1898,12.984975,316.1232,0.2,23.95420681219053,0.0,45.1322021484375,0.2756649255752563,,-7.848598639180073,-2.209029359039837,0.0112904333404833,-0.99
2021-01-04 23:00:00+07:00,20.15,89.95948,1016.889,9.387651,302.47116,0.5,23.95420681219053,0.125,45.56709289550781,0.2761839926242828,,-7.674190383062442,-2.1505370835792026,0.0113048288080775,-0.99
2021-01-05 00:00:00+07:00,20.1,90.80493,1016.6892,7.342588,281.3099,0.7,23.95420681219053,0.375,46.182647705078125,0.2779916524887085,,-7.524745078620357,-2.0755961760472563,0.0113100253121627,-0.99
2021-01-05 01:00:00+07:00,20.3,90.25222,1016.29004,7.5942082,301.4295,0.5,23.95420681219053,1.625,46.27607727050781,0.2801790535449981,,-7.291284123448834,-1.9146105097760104,0.011294996424372,-0.99
2021-01-05 02:00:00+07:00,20.35,90.25573,1015.7904,6.9153743,308.65982,0.2,23.95420681219053,3.125,45.9630126953125,0.2815609276294708,,-7.19104525768098,-1.9377300025982152,0.0112553451736556,-0.99
2021-01-05 03:00:00+07:00,20.15,92.23868,1015.49,5.692099,304.69522,0.1,23.95420681219053,4.0,45.79730224609375,0.2818420231342315,,-7.0777035459498805,-2.075285664224114,0.0112020230319074,-0.99
2021-01-05 04:00:00+07:00,20.25,91.384346,1015.1905,6.618519,315.0001,0.1,23.95420681219053,5.0,45.59716796875,0.2822632491588592,,-6.943598821592958,-2.286653336660446,0.0111336243458088,-0.99
2021-01-05 05:00:00+07:00,20.35,90.25573,1015.4906,8.161764,311.42358,0.2,23.86947223174741,1.625,45.7886962890625,0.2787992358207702,,-6.212734351969549,-2.7627775106076538,0.0109785576841284,-0.99
2021-01-05 06:00:00+07:00,20.5,89.98479,1015.99066,8.161764,311.42358,0.2,23.86947223174741,3.125,45.69050598144531,0.2785840630531311,,-6.264726270333841,-2.9658253668941903,0.010885464078798,-0.99
2021-01-05 07:00:00+07:00,20.4,91.10897,1016.6898,6.4096174,308.15726,0.2,23.86947223174741,4.25,45.71028137207031,0.2789244055747986,,-6.471438264798377,-3.004612036194428,0.0107860007809212,-0.99
2021-01-05 08:00:00+07:00,20.95,88.34951,1017.29095,9.449572,319.63553,0.1,23.86947223174741,3.625,45.59602355957031,0.2793203294277191,,-6.523714564135868,-3.12816332519776,0.0106836092170957,-0.99
2021-01-05 09:00:00+07:00,21.55,85.690605,1017.89185,9.220499,321.34018,0.1,23.86947223174741,6.625,45.7032470703125,0.2794570922851562,,-6.558913044503023,-3.087573515302093,0.0105775255443866,-0.99
2021-01-05 10:00:00+07:00,21.9,84.40188,1017.8928,8.39657,329.03632,0.3,23.86947223174741,8.25,46.083984375,0.2800670266151428,,-6.3361464274423005,-2.9468389302257965,0.0105481675492306,-0.99
