valid_datetime,noaa_6h_mm,last_input_datetime,n_hours,openmeteo_6h_mm,bilstm_6h_mm,persistence_6h_mm
2025-01-01 18:00:00+00:00,0.1,2025-01-01 19:00:00+07:00,6,0.0,0.3573698,0.0
2025-01-02 18:00:00+00:00,0.0,2025-01-02 19:00:00+07:00,6,0.1,0.4394689,0.0
2025-01-03 06:00:00+00:00,3.0,2025-01-03 07:00:00+07:00,6,1.9000001,4.727285,3.6000001
2025-01-04 06:00:00+00:00,0.0,2025-01-04 07:00:00+07:00,6,0.1,0.80555,0.0
2025-01-08 18:00:00+00:00,0.4,2025-01-08 19:00:00+07:00,6,1.0,0.47338519,1.2
2025-01-09 06:00:00+00:00,5.0,2025-01-09 07:00:00+07:00,6,1.8000001,1.6150117,0.6
2025-01-09 18:00:00+00:00,1.0,2025-01-09 19:00:00+07:00,6,0.9,1.3935401,1.2
2025-01-10 06:00:00+00:00,0.4,2025-01-10 07:00:00+07:00,6,2.5,4.974166,6.0
2025-01-11 18:00:00+00:00,4.0,2025-01-11 19:00:00+07:00,6,0.8,0.57176006,0.0
2025-01-12 18:00:00+00:00,0.0,2025-01-12 19:00:00+07:00,6,0.0,0.41527635,0.0
2025-01-15 06:00:00+00:00,10.0,2025-01-15 07:00:00+07:00,6,16.8,10.708527,14.400001
2025-01-15 18:00:00+00:00,20.0,2025-01-15 19:00:00+07:00,6,7.8,11.712892,10.200001
2025-01-16 06:00:00+00:00,6.0,2025-01-16 07:00:00+07:00,6,1.7,3.6429534,1.2
2025-01-16 18:00:00+00:00,2.0,2025-01-16 19:00:00+07:00,6,1.1,1.5889751,1.2
2025-01-17 06:00:00+00:00,0.3,2025-01-17 07:00:00+07:00,6,0.2,0.8480309,0.0
2025-01-17 18:00:00+00:00,9.0,2025-01-17 19:00:00+07:00,6,0.1,0.72104293,0.0
2025-01-26 18:00:00+00:00,3.0,2025-01-26 19:00:00+07:00,6,10.900001,0.5086715,1.8000001
2025-01-28 18:00:00+00:00,0.0,2025-01-28 19:00:00+07:00,6,0.90000004,0.79414064,0.6
2025-01-29 06:00:00+00:00,0.5,2025-01-29 07:00:00+07:00,6,1.2,1.1393961,0.6
2025-02-03 06:00:00+00:00,0.2,2025-02-03 07:00:00+07:00,6,0.8,0.09164514,0.0
2025-02-03 18:00:00+00:00,0.0,2025-02-03 19:00:00+07:00,6,2.2,0.28950715,0.0
2025-02-04 06:00:00+00:00,42.0,2025-02-04 07:00:00+07:00,6,8.0,8.039443,4.8
2025-02-04 18:00:00+00:00,0.0,2025-02-04 19:00:00+07:00,6,2.6000001,1.7850229,0.0
2025-02-07 06:00:00+00:00,2.0,2025-02-07 07:00:00+07:00,6,0.70000005,0.27751866,0.0
2025-02-07 18:00:00+00:00,2.0,2025-02-07 19:00:00+07:00,6,1.4000001,0.38663292,0.6
2025-02-08 06:00:00+00:00,13.0,2025-02-08 07:00:00+07:00,6,1.4,1.4776859,0.6
2025-02-08 18:00:00+00:00,0.0,2025-02-08 19:00:00+07:00,6,1.6,1.1079309,0.6
2025-02-09 06:00:00+00:00,0.0,2025-02-09 07:00:00+07:00,6,3.2,0.816369,2.4
2025-02-09 18:00:00+00:00,0.5,2025-02-09 19:00:00+07:00,6,0.1,1.0203068,0.0
2025-02-10 06:00:00+00:00,0.0,2025-02-10 07:00:00+07:00,6,3.0,1.6198329,2.4
2025-02-12 06:00:00+00:00,0.0,2025-02-12 07:00:00+07:00,6,0.8,0.41601518,0.0
2025-02-13 06:00:00+00:00,1.0,2025-02-13 07:00:00+07:00,6,1.4,1.7664347,0.0
2025-02-13 18:00:00+00:00,0.2,2025-02-13 19:00:00+07:00,6,1.2,0.48321375,0.0
2025-02-14 06:00:00+00:00,0.0,2025-02-14 07:00:00+07:00,6,0.2,1.5561897,0.0
2025-02-14 18:00:00+00:00,0.1,2025-02-14 19:00:00+07:00,6,0.1,0.68975514,0.0
2025-02-15 18:00:00+00:00,0.0,2025-02-15 19:00:00+07:00,6,0.4,0.347946,0.0
2025-02-19 18:00:00+00:00,0.0,2025-02-19 19:00:00+07:00,6,0.2,0.69333935,0.0
2025-02-23 06:00:00+00:00,1.0,2025-02-23 07:00:00+07:00,6,0.8,1.6545962,0.6
2025-02-23 18:00:00+00:00,3.0,2025-02-23 19:00:00+07:00,6,5.2999997,0.77845705,1.2
2025-02-24 06:00:00+00:00,1.0,2025-02-24 07:00:00+07:00,6,1.7,2.8494503,1.2
2025-02-24 18:00:00+00:00,2.0,2025-02-24 19:00:00+07:00,6,3.7,3.8266964,1.8000001
2025-03-06 06:00:00+00:00,0.0,2025-03-06 07:00:00+07:00,6,1.1,0.08146913,0.0
2025-03-09 06:00:00+00:00,0.0,2025-03-09 07:00:00+07:00,6,0.4,0.17969279,0.0
2025-03-10 18:00:00+00:00,0.1,2025-03-10 19:00:00+07:00,6,4.1,6.7237854,3.6000001
2025-03-11 06:00:00+00:00,0.0,2025-03-11 07:00:00+07:00,6,0.6,3.8208277,1.8000001
2025-03-11 18:00:00+00:00,0.0,2025-03-11 19:00:00+07:00,6,0.1,1.2102636,0.0
2025-03-20 06:00:00+00:00,0.2,2025-03-20 07:00:00+07:00,6,0.5,1.3234806,1.2
2025-03-21 06:00:00+00:00,0.0,2025-03-21 07:00:00+07:00,6,1.1,0.53997666,1.8000001
2025-04-10 06:00:00+00:00,0.0,2025-04-10 07:00:00+07:00,6,0.0,0.10830757,0.0
2025-04-12 18:00:00+00:00,5.0,2025-04-12 19:00:00+07:00,6,15.6,0.3263699,0.0
2025-04-17 18:00:00+00:00,0.0,2025-04-17 19:00:00+07:00,6,0.0,0.24847682,0.0
2025-04-18 18:00:00+00:00,8.0,2025-04-18 19:00:00+07:00,6,0.0,0.26786807,0.0
2025-04-25 18:00:00+00:00,0.0,2025-04-25 19:00:00+07:00,6,0.0,0.47368434,0.0
2025-05-11 18:00:00+00:00,0.8,2025-05-11 19:00:00+07:00,6,3.3,1.7940927,0.0
2025-05-25 18:00:00+00:00,9.0,2025-05-25 19:00:00+07:00,6,3.6,10.102742,25.800001
2025-05-27 06:00:00+00:00,0.0,2025-05-27 07:00:00+07:00,6,0.6,1.4910707,0.0
2025-05-27 18:00:00+00:00,25.0,2025-05-27 19:00:00+07:00,6,3.0,1.8013974,0.0
2025-05-30 18:00:00+00:00,0.0,2025-05-30 19:00:00+07:00,6,2.7,0.44828168,0.0
2025-06-10 18:00:00+00:00,11.0,2025-06-10 19:00:00+07:00,6,0.8,1.2996975,0.0
2025-06-11 06:00:00+00:00,40.0,2025-06-11 07:00:00+07:00,6,1.9,6.7658415,1.2
2025-06-11 18:00:00+00:00,232.0,2025-06-11 19:00:00+07:00,6,131.8,24.162027,10.200001
2025-06-12 18:00:00+00:00,52.0,2025-06-12 19:00:00+07:00,6,34.2,37.54705,108.600006
2025-06-13 06:00:00+00:00,1.0,2025-06-13 07:00:00+07:00,6,8.2,12.688318,18.0
2025-06-13 18:00:00+00:00,0.0,2025-06-13 19:00:00+07:00,6,0.3,4.1966643,5.3999996
2025-06-14 06:00:00+00:00,0.0,2025-06-14 07:00:00+07:00,6,0.1,1.8747658,0.6
2025-06-28 18:00:00+00:00,2.0,2025-06-28 19:00:00+07:00,6,0.0,1.1388896,0.0
2025-06-30 18:00:00+00:00,0.2,2025-06-30 19:00:00+07:00,6,5.0,1.1127577,0.6
2025-07-02 18:00:00+00:00,10.0,2025-07-02 19:00:00+07:00,6,0.0,1.0838525,0.0
2025-07-05 18:00:00+00:00,18.0,2025-07-05 19:00:00+07:00,6,13.900001,2.3785436,0.0
2025-07-09 06:00:00+00:00,0.0,2025-07-09 07:00:00+07:00,6,0.0,0.15219356,0.0
2025-07-14 18:00:00+00:00,0.0,2025-07-14 19:00:00+07:00,6,3.4,0.8365796,0.0
2025-07-16 18:00:00+00:00,0.9,2025-07-16 19:00:00+07:00,6,31.1,2.9854908,0.0
2025-07-20 06:00:00+00:00,0.4,2025-07-20 07:00:00+07:00,6,0.1,0.8059012,0.0
2025-07-21 06:00:00+00:00,0.0,2025-07-21 07:00:00+07:00,6,0.0,0.6262363,0.0
2025-07-25 06:00:00+00:00,4.0,2025-07-25 07:00:00+07:00,6,5.7999997,2.496839,0.0
2025-07-25 18:00:00+00:00,2.0,2025-07-25 19:00:00+07:00,6,0.0,2.3885322,0.0
2025-07-26 18:00:00+00:00,3.0,2025-07-26 19:00:00+07:00,6,8.1,9.862009,10.200001
2025-07-27 06:00:00+00:00,0.2,2025-07-27 07:00:00+07:00,6,8.0,3.335514,0.0
2025-07-29 18:00:00+00:00,0.0,2025-07-29 19:00:00+07:00,6,0.1,0.64289296,0.0
2025-08-15 18:00:00+00:00,0.0,2025-08-15 19:00:00+07:00,6,0.6,2.1587365,5.3999996
2025-08-16 06:00:00+00:00,1.0,2025-08-16 07:00:00+07:00,6,0.0,1.4831622,0.6
2025-08-16 18:00:00+00:00,14.0,2025-08-16 19:00:00+07:00,6,24.9,10.205135,18.599998
2025-08-17 06:00:00+00:00,1.0,2025-08-17 07:00:00+07:00,6,11.3,30.666088,21.599998
2025-08-18 06:00:00+00:00,0.0,2025-08-18 07:00:00+07:00,6,0.90000004,1.1114707,0.0
2025-08-18 18:00:00+00:00,0.0,2025-08-18 19:00:00+07:00,6,0.0,3.3233528,0.0
2025-08-24 06:00:00+00:00,5.0,2025-08-24 07:00:00+07:00,6,1.9000001,0.20473519,0.0
2025-08-24 18:00:00+00:00,2.0,2025-08-24 19:00:00+07:00,6,3.5,8.349691,3.6000001
2025-08-25 06:00:00+00:00,5.0,2025-08-25 07:00:00+07:00,6,4.4,3.264524,0.0
2025-08-25 18:00:00+00:00,0.0,2025-08-25 19:00:00+07:00,6,0.90000004,11.343861,14.400001
2025-08-26 18:00:00+00:00,30.0,2025-08-26 19:00:00+07:00,6,58.7,1.3887961,3.0
2025-08-27 06:00:00+00:00,0.0,2025-08-27 07:00:00+07:00,6,0.8,8.278078,11.4
2025-08-29 06:00:00+00:00,18.0,2025-08-29 07:00:00+07:00,6,2.0,0.15315697,0.0
2025-08-29 18:00:00+00:00,18.0,2025-08-29 19:00:00+07:00,6,13.3,14.534747,5.3999996
2025-09-02 18:00:00+00:00,8.0,2025-09-02 19:00:00+07:00,6,0.0,1.8719261,0.6
2025-09-05 18:00:00+00:00,7.0,2025-09-05 19:00:00+07:00,6,0.2,1.6570442,0.0
2025-09-06 18:00:00+00:00,40.0,2025-09-06 19:00:00+07:00,6,4.1,2.2471035,0.0
2025-09-10 18:00:00+00:00,8.0,2025-09-10 19:00:00+07:00,6,0.0,5.1726084,0.0
2025-09-14 18:00:00+00:00,24.0,2025-09-14 19:00:00+07:00,6,11.9,7.6047835,14.400001
2025-09-15 18:00:00+00:00,6.0,2025-09-15 19:00:00+07:00,6,0.5,1.8895655,0.0
2025-09-16 18:00:00+00:00,26.0,2025-09-16 19:00:00+07:00,6,10.5,7.1637554,8.4
2025-09-17 06:00:00+00:00,11.0,2025-09-17 07:00:00+07:00,6,1.1,9.962723,3.0
2025-09-17 18:00:00+00:00,0.4,2025-09-17 19:00:00+07:00,6,2.2,4.720438,2.4
2025-09-18 18:00:00+00:00,3.0,2025-09-18 19:00:00+07:00,6,10.4,14.928298,23.400002
2025-09-19 18:00:00+00:00,1.0,2025-09-19 19:00:00+07:00,6,7.1,5.701282,2.4
2025-09-23 06:00:00+00:00,0.2,2025-09-23 07:00:00+07:00,6,0.4,1.2795354,0.0
2025-09-24 06:00:00+00:00,4.0,2025-09-24 07:00:00+07:00,6,0.6,0.38205436,0.0
2025-09-25 06:00:00+00:00,0.0,2025-09-25 07:00:00+07:00,6,0.9,0.90691966,0.0
2025-09-26 18:00:00+00:00,22.0,2025-09-26 19:00:00+07:00,6,7.4,14.888303,20.400002
2025-09-27 06:00:00+00:00,101.0,2025-09-27 07:00:00+07:00,6,9.200001,21.244732,16.2
2025-09-27 18:00:00+00:00,47.0,2025-09-27 19:00:00+07:00,6,19.0,16.480015,9.6
2025-09-28 06:00:00+00:00,31.0,2025-09-28 07:00:00+07:00,6,32.0,36.53907,37.800003
2025-09-28 18:00:00+00:00,3.0,2025-09-28 19:00:00+07:00,6,12.099999,22.4166,23.400002
2025-09-29 18:00:00+00:00,3.0,2025-09-29 19:00:00+07:00,6,0.0,6.7141733,4.8
2025-10-03 06:00:00+00:00,0.0,2025-10-03 07:00:00+07:00,6,0.0,0.23843816,0.0
2025-10-03 18:00:00+00:00,0.0,2025-10-03 19:00:00+07:00,6,1.7,0.8929588,0.0
2025-10-08 06:00:00+00:00,0.0,2025-10-08 07:00:00+07:00,6,0.6,2.0150716,0.0
2025-10-09 18:00:00+00:00,8.0,2025-10-09 19:00:00+07:00,6,2.8,3.4390965,0.6
2025-10-10 06:00:00+00:00,10.0,2025-10-10 07:00:00+07:00,6,1.7,25.570272,20.400002
2025-10-12 18:00:00+00:00,31.0,2025-10-12 19:00:00+07:00,6,2.3,11.301614,24.599998
2025-10-13 06:00:00+00:00,0.3,2025-10-13 07:00:00+07:00,6,4.7000003,0.6067045,0.0
2025-10-15 06:00:00+00:00,0.2,2025-10-15 07:00:00+07:00,6,0.5,1.2460133,0.0
2025-10-15 18:00:00+00:00,6.0,2025-10-15 19:00:00+07:00,6,1.6,0.8522086,0.6
2025-10-16 06:00:00+00:00,4.0,2025-10-16 07:00:00+07:00,6,5.7,3.1927876,0.0
2025-10-16 18:00:00+00:00,18.0,2025-10-16 19:00:00+07:00,6,1.4,2.9803557,0.6
2025-10-17 06:00:00+00:00,4.0,2025-10-17 07:00:00+07:00,6,3.9,8.344927,6.0
2025-10-17 18:00:00+00:00,5.0,2025-10-17 19:00:00+07:00,6,6.0,3.200099,2.4
2025-10-18 06:00:00+00:00,14.0,2025-10-18 07:00:00+07:00,6,5.2,25.52341,14.400001
2025-10-18 18:00:00+00:00,13.0,2025-10-18 19:00:00+07:00,6,11.8,3.9774835,0.6
2025-10-19 06:00:00+00:00,2.0,2025-10-19 07:00:00+07:00,6,1.1,15.267885,13.200001
2025-10-19 18:00:00+00:00,24.0,2025-10-19 19:00:00+07:00,6,14.8,5.025126,5.3999996
2025-10-20 18:00:00+00:00,2.0,2025-10-20 19:00:00+07:00,6,3.1,1.9214578,0.0
2025-10-21 06:00:00+00:00,2.0,2025-10-21 07:00:00+07:00,6,3.3999999,1.1048884,0.0
2025-10-21 18:00:00+00:00,0.0,2025-10-21 19:00:00+07:00,6,0.7,22.118317,16.2
2025-10-22 06:00:00+00:00,1.0,2025-10-22 07:00:00+07:00,6,2.4,6.364296,1.8000001
2025-10-22 18:00:00+00:00,1.0,2025-10-22 19:00:00+07:00,6,1.9000001,2.9054852,1.8000001
2025-10-23 06:00:00+00:00,9.0,2025-10-23 07:00:00+07:00,6,18.8,14.215706,6.0
2025-10-23 18:00:00+00:00,0.2,2025-10-23 19:00:00+07:00,6,10.1,36.681843,85.2
2025-10-24 06:00:00+00:00,2.0,2025-10-24 07:00:00+07:00,6,2.1,38.135666,55.199997
2025-10-24 18:00:00+00:00,4.0,2025-10-24 19:00:00+07:00,6,2.2,7.3442416,13.799999
2025-10-25 18:00:00+00:00,7.0,2025-10-25 19:00:00+07:00,6,5.6,24.345303,19.8
2025-10-26 06:00:00+00:00,21.0,2025-10-26 07:00:00+07:00,6,10.5,26.725786,27.599998
2025-10-26 18:00:00+00:00,16.0,2025-10-26 19:00:00+07:00,6,13.1,12.654526,9.0
2025-10-27 06:00:00+00:00,19.0,2025-10-27 07:00:00+07:00,6,12.2,20.621283,10.799999
2025-10-27 18:00:00+00:00,18.0,2025-10-27 19:00:00+07:00,6,28.2,10.61186,3.6000001
2025-10-28 06:00:00+00:00,23.0,2025-10-28 07:00:00+07:00,6,34.800003,19.721046,12.0
2025-10-28 18:00:00+00:00,49.0,2025-10-28 19:00:00+07:00,6,23.8,12.3203335,11.4
2025-10-29 06:00:00+00:00,66.0,2025-10-29 07:00:00+07:00,6,73.9,26.549192,91.8
2025-10-29 18:00:00+00:00,10.0,2025-10-29 19:00:00+07:00,6,18.3,15.90729,15.599999
2025-10-30 06:00:00+00:00,5.0,2025-10-30 07:00:00+07:00,6,1.6,4.143979,3.0
2025-10-31 06:00:00+00:00,3.0,2025-10-31 07:00:00+07:00,6,1.5,2.2933388,0.6
2025-10-31 18:00:00+00:00,34.0,2025-10-31 19:00:00+07:00,6,2.2,4.246844,0.6
2025-11-01 06:00:00+00:00,14.0,2025-11-01 07:00:00+07:00,6,3.6000001,4.0501604,2.4
2025-11-01 18:00:00+00:00,7.0,2025-11-01 19:00:00+07:00,6,6.0,4.998791,3.0
2025-11-02 06:00:00+00:00,7.0,2025-11-02 07:00:00+07:00,6,17.9,16.674662,9.0
2025-11-02 18:00:00+00:00,39.0,2025-11-02 19:00:00+07:00,6,24.2,31.106224,19.8
2025-11-03 06:00:00+00:00,2.0,2025-11-03 07:00:00+07:00,6,3.9,17.851856,14.400001
2025-11-03 18:00:00+00:00,0.0,2025-11-03 19:00:00+07:00,6,10.8,1.9269116,0.6
2025-11-05 18:00:00+00:00,0.4,2025-11-05 19:00:00+07:00,6,1.8000001,1.6103184,0.0
2025-11-06 06:00:00+00:00,0.5,2025-11-06 07:00:00+07:00,6,2.6000001,8.952664,1.8000001
2025-11-06 18:00:00+00:00,20.0,2025-11-06 19:00:00+07:00,6,24.3,43.849747,43.800003
2025-11-09 06:00:00+00:00,0.0,2025-11-09 07:00:00+07:00,6,0.3,0.5176454,0.6
2025-11-14 06:00:00+00:00,0.0,2025-11-14 07:00:00+07:00,6,1.1,0.14295179,0.0
2025-11-14 18:00:00+00:00,0.0,2025-11-14 19:00:00+07:00,6,0.0,0.34070063,0.0
2025-11-15 06:00:00+00:00,0.3,2025-11-15 07:00:00+07:00,6,4.6,12.418334,7.7999997
2025-11-15 18:00:00+00:00,1.0,2025-11-15 19:00:00+07:00,6,6.0,6.808334,1.2
2025-11-16 06:00:00+00:00,0.0,2025-11-16 07:00:00+07:00,6,8.3,25.617027,22.8
2025-11-16 18:00:00+00:00,38.0,2025-11-16 19:00:00+07:00,6,12.0,33.780178,27.0
2025-11-17 06:00:00+00:00,0.3,2025-11-17 07:00:00+07:00,6,13.3,16.647593,8.4
2025-11-17 18:00:00+00:00,0.2,2025-11-17 19:00:00+07:00,6,13.7,4.8938622,5.3999996
2025-11-18 06:00:00+00:00,0.1,2025-11-18 07:00:00+07:00,6,0.1,3.514903,0.0
2025-11-18 18:00:00+00:00,7.0,2025-11-18 19:00:00+07:00,6,9.3,1.635498,0.6
2025-11-19 06:00:00+00:00,10.0,2025-11-19 07:00:00+07:00,6,12.2,9.972292,9.6
2025-11-19 18:00:00+00:00,0.8,2025-11-19 19:00:00+07:00,6,2.6,3.3299627,0.6
2025-11-20 06:00:00+00:00,0.7,2025-11-20 07:00:00+07:00,6,1.4,2.5352995,1.8000001
2025-11-20 18:00:00+00:00,0.0,2025-11-20 19:00:00+07:00,6,3.3,2.7963438,1.2
2025-11-21 06:00:00+00:00,2.0,2025-11-21 07:00:00+07:00,6,3.5,7.7426343,3.0
2025-11-22 06:00:00+00:00,0.0,2025-11-22 07:00:00+07:00,6,2.5,9.093446,14.400001
2025-11-22 18:00:00+00:00,0.8,2025-11-22 19:00:00+07:00,6,2.7,12.2496805,21.0
2025-11-23 06:00:00+00:00,6.0,2025-11-23 07:00:00+07:00,6,14.5,20.863562,17.400002
2025-11-23 18:00:00+00:00,10.0,2025-11-23 19:00:00+07:00,6,5.3,6.1331263,6.6000004
2025-11-24 06:00:00+00:00,12.0,2025-11-24 07:00:00+07:00,6,3.4,6.794118,6.0
2025-11-24 18:00:00+00:00,2.0,2025-11-24 19:00:00+07:00,6,1.6,2.7429519,1.8000001
2025-11-25 06:00:00+00:00,5.0,2025-11-25 07:00:00+07:00,6,0.70000005,2.6587486,0.6
2025-11-30 18:00:00+00:00,0.3,2025-11-30 19:00:00+07:00,6,0.0,0.3215124,0.0
2025-12-01 06:00:00+00:00,1.0,2025-12-01 07:00:00+07:00,6,4.2,0.18025154,0.0
2025-12-01 18:00:00+00:00,0.2,2025-12-01 19:00:00+07:00,6,0.1,1.6709464,0.0
2025-12-02 18:00:00+00:00,1.0,2025-12-02 19:00:00+07:00,6,5.6,0.21917981,0.0
2025-12-03 06:00:00+00:00,35.0,2025-12-03 07:00:00+07:00,6,26.6,14.857332,10.799999
2025-12-03 18:00:00+00:00,0.2,2025-12-03 19:00:00+07:00,6,2.7,7.4967976,2.4
2025-12-04 18:00:00+00:00,0.6,2025-12-04 19:00:00+07:00,6,1.6,1.0096847,1.2
2025-12-05 18:00:00+00:00,2.0,2025-12-05 19:00:00+07:00,6,1.5,1.0794883,1.2
2025-12-06 06:00:00+00:00,0.0,2025-12-06 07:00:00+07:00,6,1.8,0.95515317,0.6
2025-12-07 06:00:00+00:00,0.8,2025-12-07 07:00:00+07:00,6,0.3,0.62809473,0.0
2025-12-08 06:00:00+00:00,1.0,2025-12-08 07:00:00+07:00,6,1.4,0.5174619,0.0
2025-12-08 18:00:00+00:00,0.3,2025-12-08 19:00:00+07:00,6,3.5,4.0284452,3.6000001
2025-12-09 18:00:00+00:00,0.0,2025-12-09 19:00:00+07:00,6,3.0,1.4000584,0.6
2025-12-10 06:00:00+00:00,2.0,2025-12-10 07:00:00+07:00,6,0.6,6.931152,3.6000001
2025-12-10 18:00:00+00:00,0.7,2025-12-10 19:00:00+07:00,6,5.7,1.4337586,0.6
2025-12-11 06:00:00+00:00,0.0,2025-12-11 07:00:00+07:00,6,1.0,1.3783882,1.8000001
2025-12-13 18:00:00+00:00,0.3,2025-12-13 19:00:00+07:00,6,4.1,0.69046783,0.0
2025-12-14 06:00:00+00:00,1.0,2025-12-14 07:00:00+07:00,6,0.9,6.612098,3.6000001
2025-12-14 18:00:00+00:00,1.0,2025-12-14 19:00:00+07:00,6,0.70000005,1.6015735,0.0
2025-12-15 06:00:00+00:00,0.8,2025-12-15 07:00:00+07:00,6,1.0,2.91557,7.2000003
2025-12-15 18:00:00+00:00,0.3,2025-12-15 19:00:00+07:00,6,2.7,1.009473,0.6
2025-12-16 06:00:00+00:00,0.6,2025-12-16 07:00:00+07:00,6,0.5,2.4388347,1.2
2025-12-16 18:00:00+00:00,3.0,2025-12-16 19:00:00+07:00,6,1.1,1.3019396,0.0
2025-12-17 06:00:00+00:00,14.0,2025-12-17 07:00:00+07:00,6,2.0,1.0284814,1.2
2025-12-18 18:00:00+00:00,0.7,2025-12-18 19:00:00+07:00,6,0.5,1.1784297,2.4
2025-12-20 18:00:00+00:00,0.0,2025-12-20 19:00:00+07:00,6,4.5,1.7448057,0.6
2025-12-21 06:00:00+00:00,28.0,2025-12-21 07:00:00+07:00,6,10.3,5.166083,3.6000001
2025-12-22 06:00:00+00:00,0.0,2025-12-22 07:00:00+07:00,6,2.7,3.471467,4.2
2025-12-23 18:00:00+00:00,0.0,2025-12-23 19:00:00+07:00,6,0.8,1.2837994,0.6
2025-12-25 06:00:00+00:00,7.0,2025-12-25 07:00:00+07:00,6,1.9,2.4527793,1.2
2025-12-25 18:00:00+00:00,5.0,2025-12-25 19:00:00+07:00,6,8.1,5.661407,2.4
2025-12-26 06:00:00+00:00,0.6,2025-12-26 07:00:00+07:00,6,3.5,28.122765,16.2
2025-12-28 18:00:00+00:00,0.0,2025-12-28 19:00:00+07:00,6,0.70000005,0.881649,0.6
