horizon_h,threshold,TP,FP,FN,TN,precision,POD_recall,F1,FAR,CSI,n_alerts,eligible
1,0.4,0,6,8,4325,0.0,0.0,0.0,1.0,0.0,6,False
1,0.45,0,4,8,4327,0.0,0.0,0.0,1.0,0.0,4,False
1,0.5,0,2,8,4329,0.0,0.0,0.0,1.0,0.0,2,False
1,0.55,0,1,8,4330,0.0,0.0,0.0,1.0,0.0,1,False
1,0.6,0,1,8,4330,0.0,0.0,0.0,1.0,0.0,1,False
1,0.65,0,1,8,4330,0.0,0.0,0.0,1.0,0.0,1,False
1,0.7,0,1,8,4330,0.0,0.0,0.0,1.0,0.0,1,False
1,0.75,0,0,8,4331,,0.0,0.0,,0.0,0,False
1,0.8,0,0,8,4331,,0.0,0.0,,0.0,0,False
1,0.85,0,0,8,4331,,0.0,0.0,,0.0,0,False
1,0.9,0,0,8,4331,,0.0,0.0,,0.0,0,False
1,0.95,0,0,8,4331,,0.0,0.0,,0.0,0,False
1,0.99,0,0,8,4331,,0.0,0.0,,0.0,0,False
2,0.4,0,3,8,4328,0.0,0.0,0.0,1.0,0.0,3,False
2,0.45,0,1,8,4330,0.0,0.0,0.0,1.0,0.0,1,False
2,0.5,0,1,8,4330,0.0,0.0,0.0,1.0,0.0,1,False
2,0.55,0,1,8,4330,0.0,0.0,0.0,1.0,0.0,1,False
2,0.6,0,1,8,4330,0.0,0.0,0.0,1.0,0.0,1,False
2,0.65,0,0,8,4331,,0.0,0.0,,0.0,0,False
2,0.7,0,0,8,4331,,0.0,0.0,,0.0,0,False
2,0.75,0,0,8,4331,,0.0,0.0,,0.0,0,False
2,0.8,0,0,8,4331,,0.0,0.0,,0.0,0,False
2,0.85,0,0,8,4331,,0.0,0.0,,0.0,0,False
2,0.9,0,0,8,4331,,0.0,0.0,,0.0,0,False
2,0.95,0,0,8,4331,,0.0,0.0,,0.0,0,False
2,0.99,0,0,8,4331,,0.0,0.0,,0.0,0,False
3,0.4,0,4,8,4327,0.0,0.0,0.0,1.0,0.0,4,False
3,0.45,0,2,8,4329,0.0,0.0,0.0,1.0,0.0,2,False
3,0.5,0,1,8,4330,0.0,0.0,0.0,1.0,0.0,1,False
3,0.55,0,1,8,4330,0.0,0.0,0.0,1.0,0.0,1,False
3,0.6,0,1,8,4330,0.0,0.0,0.0,1.0,0.0,1,False
3,0.65,0,0,8,4331,,0.0,0.0,,0.0,0,False
3,0.7,0,0,8,4331,,0.0,0.0,,0.0,0,False
3,0.75,0,0,8,4331,,0.0,0.0,,0.0,0,False
3,0.8,0,0,8,4331,,0.0,0.0,,0.0,0,False
3,0.85,0,0,8,4331,,0.0,0.0,,0.0,0,False
3,0.9,0,0,8,4331,,0.0,0.0,,0.0,0,False
3,0.95,0,0,8,4331,,0.0,0.0,,0.0,0,False
3,0.99,0,0,8,4331,,0.0,0.0,,0.0,0,False
4,0.4,0,4,8,4327,0.0,0.0,0.0,1.0,0.0,4,False
4,0.45,0,2,8,4329,0.0,0.0,0.0,1.0,0.0,2,False
4,0.5,0,1,8,4330,0.0,0.0,0.0,1.0,0.0,1,False
4,0.55,0,1,8,4330,0.0,0.0,0.0,1.0,0.0,1,False
4,0.6,0,1,8,4330,0.0,0.0,0.0,1.0,0.0,1,False
4,0.65,0,0,8,4331,,0.0,0.0,,0.0,0,False
4,0.7,0,0,8,4331,,0.0,0.0,,0.0,0,False
4,0.75,0,0,8,4331,,0.0,0.0,,0.0,0,False
4,0.8,0,0,8,4331,,0.0,0.0,,0.0,0,False
4,0.85,0,0,8,4331,,0.0,0.0,,0.0,0,False
4,0.9,0,0,8,4331,,0.0,0.0,,0.0,0,False
4,0.95,0,0,8,4331,,0.0,0.0,,0.0,0,False
4,0.99,0,0,8,4331,,0.0,0.0,,0.0,0,False
5,0.4,0,5,8,4326,0.0,0.0,0.0,1.0,0.0,5,False
5,0.45,0,2,8,4329,0.0,0.0,0.0,1.0,0.0,2,False
5,0.5,0,1,8,4330,0.0,0.0,0.0,1.0,0.0,1,False
5,0.55,0,1,8,4330,0.0,0.0,0.0,1.0,0.0,1,False
5,0.6,0,1,8,4330,0.0,0.0,0.0,1.0,0.0,1,False
5,0.65,0,0,8,4331,,0.0,0.0,,0.0,0,False
5,0.7,0,0,8,4331,,0.0,0.0,,0.0,0,False
5,0.75,0,0,8,4331,,0.0,0.0,,0.0,0,False
5,0.8,0,0,8,4331,,0.0,0.0,,0.0,0,False
5,0.85,0,0,8,4331,,0.0,0.0,,0.0,0,False
5,0.9,0,0,8,4331,,0.0,0.0,,0.0,0,False
5,0.95,0,0,8,4331,,0.0,0.0,,0.0,0,False
5,0.99,0,0,8,4331,,0.0,0.0,,0.0,0,False
6,0.4,0,12,8,4319,0.0,0.0,0.0,1.0,0.0,12,False
6,0.45,0,5,8,4326,0.0,0.0,0.0,1.0,0.0,5,False
6,0.5,0,2,8,4329,0.0,0.0,0.0,1.0,0.0,2,False
6,0.55,0,1,8,4330,0.0,0.0,0.0,1.0,0.0,1,False
6,0.6,0,1,8,4330,0.0,0.0,0.0,1.0,0.0,1,False
6,0.65,0,0,8,4331,,0.0,0.0,,0.0,0,False
6,0.7,0,0,8,4331,,0.0,0.0,,0.0,0,False
6,0.75,0,0,8,4331,,0.0,0.0,,0.0,0,False
6,0.8,0,0,8,4331,,0.0,0.0,,0.0,0,False
6,0.85,0,0,8,4331,,0.0,0.0,,0.0,0,False
6,0.9,0,0,8,4331,,0.0,0.0,,0.0,0,False
6,0.95,0,0,8,4331,,0.0,0.0,,0.0,0,False
6,0.99,0,0,8,4331,,0.0,0.0,,0.0,0,False
