horizon_h,forecast,observed_events,forecast_events,detected_observed_events,false_alarm_forecast_events,event_precision,event_recall,event_F1,mean_peak_actual_mm_h,mean_peak_predicted_in_event_mm_h
1,predicted_mm,44,35,13,22,0.37142857142857144,0.29545454545454547,0.32911392405063294,10.6500000520186,3.4548204686831343
1,persistence_mm,44,44,19,25,0.4318181818181818,0.4318181818181818,0.4318181818181818,10.6500000520186,6.738636378198862
1,zero_mm,44,0,0,0,,0.0,0.0,10.6500000520186,0.0
2,predicted_mm,44,25,11,14,0.44,0.25,0.31884057971014496,10.6500000520186,2.6292919813739983
2,persistence_mm,44,44,15,29,0.3409090909090909,0.3409090909090909,0.3409090909090909,10.6500000520186,5.486363625153899
2,zero_mm,44,0,0,0,,0.0,0.0,10.6500000520186,0.0
3,predicted_mm,44,22,9,13,0.4090909090909091,0.20454545454545456,0.27272727272727276,10.6500000520186,2.3780028286644
3,persistence_mm,44,44,11,33,0.25,0.25,0.25,10.6500000520186,4.647727273404598
3,zero_mm,44,0,0,0,,0.0,0.0,10.6500000520186,0.0
4,predicted_mm,44,18,7,11,0.3888888888888889,0.1590909090909091,0.22580645161290322,10.6500000520186,2.0841866759583354
4,persistence_mm,44,44,11,33,0.25,0.25,0.25,10.6500000520186,4.506818189031699
4,zero_mm,44,0,0,0,,0.0,0.0,10.6500000520186,0.0
5,predicted_mm,44,17,5,12,0.29411764705882354,0.11363636363636363,0.16393442622950818,10.6500000520186,1.9826642688025127
5,persistence_mm,44,44,9,35,0.20454545454545456,0.20454545454545456,0.20454545454545456,10.6500000520186,4.122727283869278
5,zero_mm,44,0,0,0,,0.0,0.0,10.6500000520186,0.0
6,predicted_mm,44,11,2,9,0.18181818181818182,0.045454545454545456,0.07272727272727272,10.6500000520186,1.7421107271855527
6,persistence_mm,44,44,9,35,0.20454545454545456,0.20454545454545456,0.20454545454545456,10.6500000520186,3.5295454937626016
6,zero_mm,44,0,0,0,,0.0,0.0,10.6500000520186,0.0
