horizon_h,forecast,n_pairs,n_heavy,heavy_mae,MAE,RMSE,R2,CC,TP,FP,FN,TN,precision,POD_recall,F1,FAR,CSI
1,predicted_mm,15335,117,5.587768070590802,0.28893652526867636,0.9037329474693592,0.356344339271936,0.630393977913108,54,123,63,15095,0.3050847457627119,0.46153846153846156,0.3673469387755103,0.6949152542372882,0.225
1,persistence_mm,15335,117,5.295726538850711,0.20028040502275052,0.8582141160656267,0.41955019592798726,0.7097752097958405,53,64,64,15154,0.452991452991453,0.452991452991453,0.452991452991453,0.5470085470085471,0.292817679558011
1,zero_mm,15335,117,9.660683794918222,0.26495598435673995,1.1571946490363754,-0.05532492422644508,,0,0,117,15218,,0.0,0.0,,0.0
2,predicted_mm,15335,117,6.482911793944927,0.3089665520206254,0.9645342499454934,0.26682776061300073,0.5437043029496728,31,69,86,15149,0.31,0.26495726495726496,0.2857142857142857,0.69,0.16666666666666666
2,persistence_mm,15335,117,6.554700857617407,0.26140202245185223,1.1086658155210547,0.031338545057904676,0.5156679795283745,39,78,78,15140,0.3333333333333333,0.3333333333333333,0.3333333333333333,0.6666666666666666,0.2
2,zero_mm,15335,117,9.660683794918222,0.2650016315682221,1.157208455208444,-0.05534365033070543,,0,0,117,15218,,0.0,0.0,,0.0
3,predicted_mm,15335,117,6.6676871453722315,0.34145408712636,1.015874114043156,0.18670549511438617,0.4891558513075687,24,71,93,15147,0.25263157894736843,0.20512820512820512,0.22641509433962262,0.7473684210526316,0.1276595744680851
3,persistence_mm,15335,117,7.616239374710454,0.29307466693681655,1.223058811289323,-0.17886135614940457,0.4105659496446815,28,89,89,15129,0.23931623931623933,0.23931623931623933,0.23931623931623933,0.7606837606837606,0.13592233009708737
3,zero_mm,15335,117,9.660683794918222,0.2650472787797043,1.1572222612157987,-0.05536237967186719,,0,0,117,15218,,0.0,0.0,,0.0
4,predicted_mm,15335,117,7.053639622389252,0.32247063822565736,1.0186797865968058,0.182216000479123,0.4599240096579768,12,43,105,15175,0.21818181818181817,0.10256410256410256,0.13953488372093023,0.7818181818181819,0.075
4,persistence_mm,15335,117,7.663247911975934,0.30764264877549125,1.2681683947122162,-0.2674098637601354,0.3662879330095239,23,94,94,15124,0.19658119658119658,0.19658119658119658,0.19658119658119658,0.8034188034188035,0.10900473933649289
4,zero_mm,15335,117,9.660683794918222,0.265099447023064,1.1572402933050319,-0.05538356090326513,,0,0,117,15218,,0.0,0.0,,0.0
5,predicted_mm,15335,117,7.168732838625582,0.3488987788347874,1.037918293580384,0.15113513032345038,0.43860714813871887,15,46,102,15172,0.2459016393442623,0.1282051282051282,0.1685393258426966,0.7540983606557377,0.09202453987730061
5,persistence_mm,15335,117,7.7931624214746,0.31906749375643073,1.2957443382973406,-0.3229726537277269,0.33846740420020055,20,97,97,15121,0.17094017094017094,0.17094017094017094,0.17094017094017094,0.8290598290598291,0.09345794392523364
5,zero_mm,15335,117,9.660683794918222,0.26521682556576476,1.1573315764377903,-0.05542610659878977,,0,0,117,15218,,0.0,0.0,,0.0
6,predicted_mm,15335,117,7.436687830007738,0.34801952482745013,1.0438314837774099,0.14214977713213972,0.41625975340866994,8,23,109,15195,0.25806451612903225,0.06837606837606838,0.10810810810810811,0.7419354838709677,0.05714285714285714
6,persistence_mm,15335,117,7.868376125064161,0.3286208036583722,1.322681181373727,-0.37740303014052845,0.3109637766037396,21,96,96,15122,0.1794871794871795,0.1794871794871795,0.1794871794871795,0.8205128205128205,0.09859154929577464
6,zero_mm,15335,117,9.660683794918222,0.26549722988208263,1.1578523724696643,-0.05549714900142,,0,0,117,15218,,0.0,0.0,,0.0
