month,forecast,n_pairs,n_heavy,heavy_mae,MAE,RMSE,R2,CC,TP,FP,FN,TN,precision,POD_recall,F1,FAR,CSI
1,predicted_mm,8928,0,,0.14335731739690694,0.3342614837893794,0.2613253127574078,0.6304476766598363,0,7,0,8921,0.0,,,1.0,0.0
1,persistence_mm,8928,0,,0.10544354953606176,0.3228041349437642,0.3110959754192899,0.6555479877096454,0,0,0,8928,,,,,
1,zero_mm,8928,0,,0.11236559285191439,0.40482639554021527,-0.08347323379570493,,0,0,0,8928,,,,,
2,predicted_mm,8064,0,,0.14484390144726994,0.25012327468102197,-0.14606770748642894,0.43973520690409007,0,0,0,8064,,,,,
2,persistence_mm,8064,0,,0.11359127075226592,0.24231235581661872,-0.07560591947903261,0.46219704026048336,0,0,0,8064,,,,,
2,zero_mm,8064,0,,0.1162202394500907,0.26095064427513376,-0.2474375435632752,,0,0,0,8064,,,,,
3,predicted_mm,8928,54,8.602038156965541,0.23955027471520976,0.9588420653877582,0.276184688293023,0.5292413309287342,16,4,38,8870,0.8,0.2962962962962963,0.43243243243243246,0.2,0.27586206896551724
3,persistence_mm,8928,54,8.90740721658976,0.21807795590938045,1.2033322276322809,-0.13999961537734906,0.4300001923113251,21,33,33,8841,0.3888888888888889,0.3888888888888889,0.3888888888888889,0.6111111111111112,0.2413793103448276
3,zero_mm,8928,54,11.799999766879612,0.1900537630683312,1.1429364428216813,-0.028437181814743084,,0,0,54,8874,,0.0,0.0,,0.0
4,predicted_mm,8640,18,5.838312918009858,0.07689107048790902,0.32368060760999295,-0.08413452935286347,0.1358015610259422,0,0,18,8622,,0.0,0.0,,0.0
4,persistence_mm,8640,18,5.466666751437717,0.04861111149398817,0.3881312117571621,-0.5588594200248498,0.22057028998757558,1,17,17,8605,0.05555555555555555,0.05555555555555555,0.05555555555555555,0.9444444444444444,0.02857142857142857
4,zero_mm,8640,18,6.066666762034099,0.03062500022351742,0.3123722004065454,-0.009705144735158822,,0,0,18,8622,,0.0,0.0,,0.0
5,predicted_mm,8928,0,,0.12088695942234594,0.30071456702783494,-0.230306287808971,0.2029566113651877,0,0,0,8928,,,,,
5,persistence_mm,8928,0,,0.09363799383463238,0.35966556856492066,-0.759956925715594,0.12002153714220296,0,0,0,8928,,,,,
5,zero_mm,8928,0,,0.06068548454993194,0.2778203398511446,-0.05010417997055261,,0,0,0,8928,,,,,
6,predicted_mm,8640,162,7.6967028805779085,0.359406999570503,1.647534197914501,0.31168485891240494,0.5813707648106726,48,35,114,8443,0.5783132530120482,0.2962962962962963,0.39183673469387753,0.42168674698795183,0.2436548223350254
6,persistence_mm,8640,162,8.653703908815428,0.3856365800852439,2.092708125821613,-0.11054399526202463,0.444251822284915,64,98,98,8380,0.3950617283950617,0.3950617283950617,0.3950617283950617,0.6049382716049383,0.24615384615384617
6,zero_mm,8640,162,11.4333334852148,0.34236111481570536,2.015119966823749,-0.029722635164091793,,0,0,162,8478,,0.0,0.0,,0.0
7,predicted_mm,8928,42,8.862449839533795,0.3786477802597123,0.9212594741820871,-0.12635237473731586,0.22258305025559405,0,7,42,8879,0.0,0.0,0.0,1.0,0.0
7,persistence_mm,8928,42,8.983333340003377,0.30529793996303795,1.1275980574699866,-0.6874036445809064,0.15926587950089216,2,40,40,8846,0.047619047619047616,0.047619047619047616,0.047619047619047616,0.9523809523809523,0.024390243902439025
7,zero_mm,8928,42,9.657142843518939,0.2032258071165572,0.8915221984673193,-0.05481104204834342,,0,0,42,8886,,0.0,0.0,,0.0
8,predicted_mm,8928,102,6.354370536246136,0.42511494539254163,1.0696274733717896,0.0426098435263218,0.431522903877421,17,71,85,8755,0.19318181818181818,0.16666666666666666,0.17894736842105263,0.8068181818181818,0.09826589595375723
8,persistence_mm,8928,102,5.634313718507103,0.2913082449473307,1.0915260981471855,0.0030070035848254184,0.501445020976053,36,66,66,8760,0.35294117647058826,0.35294117647058826,0.35294117647058826,0.6470588235294118,0.21428571428571427
8,zero_mm,8928,102,8.58823537826538,0.2444220443696825,1.120162843578524,-0.04999247106816718,,0,0,102,8826,,0.0,0.0,,0.0
9,predicted_mm,4347,66,4.030276060781696,0.5894044921640242,1.0903577748764386,0.25119162032152664,0.596388161020199,25,51,41,4230,0.32894736842105265,0.3787878787878788,0.352112676056338,0.6710526315789473,0.21367521367521367
9,persistence_mm,4347,66,4.813636373841401,0.5305958153623834,1.2671723634185994,-0.011355944549429786,0.49420330336824997,12,54,54,4227,0.18181818181818182,0.18181818181818182,0.18181818181818182,0.8181818181818182,0.1
9,zero_mm,4347,66,7.190909125588157,0.490223145146246,1.3520409545533378,-0.1513631894327101,,0,0,66,4281,,0.0,0.0,,0.0
10,predicted_mm,4464,210,6.828188830756006,1.060613503927485,2.2855284582135242,0.17306968296421832,0.4341784378858325,20,96,190,4158,0.1724137931034483,0.09523809523809523,0.12269938650306748,0.8275862068965517,0.06535947712418301
10,persistence_mm,4464,210,7.146666698973803,1.144601256354615,2.8628354106843013,-0.29744336265411864,0.3513964326183334,41,169,169,4085,0.19523809523809524,0.19523809523809524,0.19523809523809524,0.8047619047619048,0.10817941952506596
10,zero_mm,4464,210,9.762857164655413,1.1111559153644628,2.748012475180192,-0.19545449070141352,,0,0,210,4254,,0.0,0.0,,0.0
11,predicted_mm,4320,42,3.1798097164857957,0.6522596842402385,1.2152550995105693,-0.07304301538014757,0.5698434821900356,18,80,24,4198,0.1836734693877551,0.42857142857142855,0.2571428571428572,0.8163265306122449,0.14754098360655737
11,persistence_mm,4320,42,4.638095121121123,0.5344444417636152,1.1866561178449826,-0.02313276513290341,0.48828780551315065,7,35,35,4243,0.16666666666666666,0.16666666666666666,0.16666666666666666,0.8333333333333334,0.09090909090909091
11,zero_mm,4320,42,7.285714149475098,0.605694445522709,1.3202956248143276,-0.26655658127769444,,0,0,42,4278,,0.0,0.0,,0.0
12,predicted_mm,8895,6,9.365810672442118,0.3722745112961702,0.6892492147741633,0.005286646785149451,0.5462562835347403,0,24,6,8865,0.0,0.0,0.0,1.0,0.0
12,persistence_mm,8895,6,10.000000218550364,0.3126025863314291,0.6752460888001249,0.04529424029915219,0.5226471201495766,0,6,6,8883,0.0,0.0,0.0,1.0,0.0
12,zero_mm,8895,6,11.800000190734863,0.36978077787975033,0.783790246068313,-0.28630837458993375,,0,0,6,8889,,0.0,0.0,,0.0
