season,forecast,n_pairs,n_heavy,heavy_mae,MAE,RMSE,R2,CC,TP,FP,FN,TN,precision,POD_recall,F1,FAR,CSI
DJF,predicted_mm,25887,6,9.365810672442118,0.2224783531876928,0.47038159666728585,0.10786596676873228,0.5886045632895401,0,31,6,25850,0.0,0.0,0.0,1.0,0.0
DJF,persistence_mm,25887,6,10.000000218550364,0.17916328748106364,0.45923731049917277,0.14963810119799947,0.5748190505989995,0,6,6,25875,0.0,0.0,0.0,1.0,0.0
DJF,zero_mm,25887,6,11.800000190734863,0.20201645780305955,0.537421079726893,-0.16455192490176285,,0,0,6,25881,,0.0,0.0,,0.0
JJA,predicted_mm,26496,306,7.409263250363224,0.3880310269819017,1.247643641927848,0.20004094683687934,0.45945551444922433,65,113,241,26077,0.3651685393258427,0.21241830065359477,0.26859504132231404,0.6348314606741573,0.15513126491646778
JJA,persistence_mm,26496,306,7.692483767307078,0.3267814036388994,1.502653174073662,-0.16039045646252648,0.4197091946899486,102,204,204,25986,0.3333333333333333,0.3333333333333333,0.3333333333333333,0.6666666666666666,0.2
JJA,zero_mm,26496,306,10.241176577175365,0.26247735696244123,1.419423221203599,-0.03540546728871474,,0,0,306,26190,,0.0,0.0,,0.0
MAM,predicted_mm,26496,72,7.91110684722662,0.1465248518793641,0.6119027891043343,0.23441140979927877,0.4867197645583789,16,4,56,26420,0.8,0.2222222222222222,0.3478260869565218,0.2,0.21052631578947367
MAM,persistence_mm,26496,72,8.047222100301749,0.12088617159656569,0.7619895014936368,-0.18721277844348383,0.40639361077825725,22,50,50,26374,0.3055555555555556,0.3055555555555556,0.3055555555555556,0.6944444444444444,0.18032786885245902
MAM,zero_mm,26496,72,10.366666515668234,0.09447463785730087,0.7056866468670642,-0.018249923930950818,,0,0,72,26424,,0.0,0.0,,0.0
SON,predicted_mm,13131,318,5.765628561518103,0.7702750624390479,1.6295002034073915,0.17004859554297969,0.4890441058557812,63,227,255,12586,0.21724137931034482,0.19811320754716982,0.20723684210526316,0.7827586206896552,0.11559633027522936
SON,persistence_mm,13131,318,6.3311320834752145,0.740598583974267,1.94450225238027,-0.18184555804458324,0.4090705994859445,60,258,258,12555,0.18867924528301888,0.18867924528301888,0.18867924528301885,0.8113207547169812,0.10416666666666667
SON,zero_mm,13131,318,8.9018867960516,0.7393039389837633,1.9354273977230132,-0.1708401194385074,,0,0,318,12813,,0.0,0.0,,0.0
