event_id,first_heavy_hour,last_heavy_hour,duration_span_h,peak_actual_mm_h,peak_predicted_in_event_mm_h,detected
1,2025-03-06 19:00:00+07:00,2025-03-06 19:00:00+07:00,1,5.5,3.4763991832733154,False
2,2025-03-16 10:00:00+07:00,2025-03-16 16:00:00+07:00,7,24.799999237060547,7.580010890960693,True
3,2025-04-13 00:00:00+07:00,2025-04-13 01:00:00+07:00,2,6.800000190734863,2.4242982864379883,False
4,2025-04-25 12:00:00+07:00,2025-04-25 12:00:00+07:00,1,5.099999904632568,0.021338805556297302,False
5,2025-06-11 20:00:00+07:00,2025-06-13 04:00:00+07:00,33,41.900001525878906,9.826470375061035,True
6,2025-06-27 16:00:00+07:00,2025-06-27 16:00:00+07:00,1,11.100000381469727,0.12711530923843384,False
7,2025-06-28 15:00:00+07:00,2025-06-28 15:00:00+07:00,1,5.199999809265137,0.9185177683830261,False
8,2025-07-05 16:00:00+07:00,2025-07-05 20:00:00+07:00,5,9.699999809265137,2.859833002090454,False
9,2025-07-16 21:00:00+07:00,2025-07-16 22:00:00+07:00,2,17.100000381469727,2.9320414066314697,False
10,2025-07-26 18:00:00+07:00,2025-07-26 18:00:00+07:00,1,6.099999904632568,1.168350100517273,False
11,2025-08-17 00:00:00+07:00,2025-08-17 06:00:00+07:00,7,8.899999618530273,8.349596977233887,True
12,2025-08-26 20:00:00+07:00,2025-08-27 02:00:00+07:00,7,19.5,6.771466255187988,True
13,2025-09-07 17:00:00+07:00,2025-09-07 17:00:00+07:00,1,7.0,0.5969489812850952,False
14,2025-09-14 21:00:00+07:00,2025-09-14 21:00:00+07:00,1,7.400000095367432,2.2358953952789307,False
15,2025-09-19 21:00:00+07:00,2025-09-19 21:00:00+07:00,1,6.0,0.592534601688385,False
16,2025-09-26 18:00:00+07:00,2025-09-26 20:00:00+07:00,3,5.300000190734863,3.439911365509033,False
17,2025-09-27 22:00:00+07:00,2025-09-28 10:00:00+07:00,13,14.5,8.955774307250977,True
18,2025-10-10 14:00:00+07:00,2025-10-10 20:00:00+07:00,7,9.600000381469727,4.124581336975098,False
19,2025-10-13 16:00:00+07:00,2025-10-13 16:00:00+07:00,1,5.400000095367432,0.8964225649833679,False
20,2025-10-19 02:00:00+07:00,2025-10-19 04:00:00+07:00,3,6.199999809265137,7.139756679534912,True
21,2025-10-20 02:00:00+07:00,2025-10-20 02:00:00+07:00,1,7.199999809265137,1.3880236148834229,False
22,2025-10-23 11:00:00+07:00,2025-10-23 19:00:00+07:00,9,16.700000762939453,7.193423271179199,True
23,2025-10-24 05:00:00+07:00,2025-10-24 07:00:00+07:00,3,9.800000190734863,7.278207778930664,True
24,2025-10-26 04:00:00+07:00,2025-10-26 04:00:00+07:00,1,6.400000095367432,2.4716076850891113,False
25,2025-10-27 02:00:00+07:00,2025-10-27 03:00:00+07:00,2,10.899999618530273,6.78871488571167,True
26,2025-10-27 14:00:00+07:00,2025-10-28 05:00:00+07:00,16,15.0,6.37911319732666,True
27,2025-10-28 12:00:00+07:00,2025-10-28 13:00:00+07:00,2,20.600000381469727,4.714543342590332,False
28,2025-10-29 01:00:00+07:00,2025-10-29 14:00:00+07:00,14,30.799999237060547,7.235863208770752,True
29,2025-10-31 14:00:00+07:00,2025-10-31 14:00:00+07:00,1,6.0,0.3610534965991974,False
30,2025-11-02 23:00:00+07:00,2025-11-03 01:00:00+07:00,3,6.199999809265137,6.981005668640137,True
31,2025-11-06 18:00:00+07:00,2025-11-06 22:00:00+07:00,5,13.399999618530273,10.199498176574707,True
32,2025-11-16 05:00:00+07:00,2025-11-16 05:00:00+07:00,1,5.699999809265137,3.8983664512634277,False
33,2025-12-03 08:00:00+07:00,2025-12-03 08:00:00+07:00,1,11.800000190734863,3.0362346172332764,False
34,2026-03-03 16:00:00+07:00,2026-03-03 16:00:00+07:00,1,6.0,0.03217393904924393,False
35,2026-06-26 16:00:00+07:00,2026-06-26 16:00:00+07:00,1,13.5,0.1823350191116333,False
36,2026-06-28 15:00:00+07:00,2026-06-28 15:00:00+07:00,1,8.300000190734863,1.4464001655578613,False
37,2026-06-28 22:00:00+07:00,2026-06-28 22:00:00+07:00,1,5.900000095367432,0.19073081016540527,False
38,2026-06-29 15:00:00+07:00,2026-06-29 15:00:00+07:00,1,5.800000190734863,1.0184805393218994,False
39,2026-07-12 21:00:00+07:00,2026-07-12 21:00:00+07:00,1,7.800000190734863,0.09332489222288132,False
40,2026-07-27 22:00:00+07:00,2026-07-27 22:00:00+07:00,1,9.0,2.625814437866211,False
41,2026-08-04 20:00:00+07:00,2026-08-04 20:00:00+07:00,1,8.300000190734863,0.1653127372264862,False
42,2026-08-19 09:00:00+07:00,2026-08-19 09:00:00+07:00,1,8.800000190734863,3.4190104007720947,False
43,2026-08-19 20:00:00+07:00,2026-08-19 20:00:00+07:00,1,5.300000190734863,0.20523226261138916,False
44,2026-08-31 08:00:00+07:00,2026-08-31 08:00:00+07:00,1,6.300000190734863,0.2703664302825928,False
