period,horizon_h,policy,n_pairs,MAE,RMSE,R2,CC,TP,FP,FN,TN,precision,POD_recall,F1,FAR,CSI,observed_events,forecast_events,detected_observed_events,false_alarm_forecast_events,event_precision,event_recall,event_F1,mean_peak_actual_mm_h,mean_peak_predicted_in_event_mm_h
F1,1,dual_global,4411,0.3927963846440192,1.0597249475023354,0.31185413598620004,0.5603064105459629,53,666,11,3681,0.0737134909596662,0.828125,0.13537675606641125,0.9262865090403338,0.07260273972602739,31,77,21,56,0.2727272727272727,0.6774193548387096,0.38888888888888884,9.219354844862416,4.451612903225806
F1,1,dual_precision30,4411,0.3927963846440192,1.0597249475023354,0.31185413598620004,0.5603064105459629,0,0,64,4347,,0.0,0.0,,0.0,31,0,0,0,,0.0,0.0,9.219354844862416,0.0
F1,1,standard,4411,0.36675095855615436,1.1038971838946283,0.25329091027897166,0.5080548203628179,2,9,62,4338,0.18181818181818182,0.03125,0.05333333333333334,0.8181818181818182,0.0273972602739726,31,4,2,2,0.5,0.06451612903225806,0.1142857142857143,9.219354844862416,0.3870967741935484
F1,1,persistence,4411,0.35193833621606024,1.1439767655727848,0.19808452378701213,0.5990422618935058,25,39,39,4308,0.390625,0.390625,0.390625,0.609375,0.24271844660194175,31,31,12,19,0.3870967741935484,0.3870967741935484,0.3870967741935484,9.219354844862416,2.3225806451612905
F1,2,dual_global,4411,0.42682700528022355,1.1563808748250481,0.18059994671989588,0.4443026835461773,55,1111,9,3236,0.04716981132075472,0.859375,0.0894308943089431,0.9528301886792453,0.04680851063829787,31,76,19,57,0.25,0.6129032258064516,0.35514018691588783,9.219354844862416,5.032258064516129
F1,2,dual_precision30,4411,0.42682700528022355,1.1563808748250481,0.18059994671989588,0.4443026835461773,0,0,64,4347,,0.0,0.0,,0.0,31,0,0,0,,0.0,0.0,9.219354844862416,0.0
F1,2,standard,4411,0.4180492330509329,1.1814480268993097,0.14469023602299924,0.39521368670542534,2,7,62,4340,0.2222222222222222,0.03125,0.0547945205479452,0.7777777777777778,0.028169014084507043,31,2,1,1,0.5,0.03225806451612903,0.06060606060606061,9.219354844862416,0.1935483870967742
F1,2,persistence,4411,0.44234867520990134,1.3739982646360311,-0.15682204346605744,0.4215889782669712,17,47,47,4300,0.265625,0.265625,0.265625,0.734375,0.15315315315315314,31,31,10,21,0.3225806451612903,0.3225806451612903,0.3225806451612903,9.219354844862416,1.935483870967742
F1,3,dual_global,4411,0.4507382664718857,1.1885848011209184,0.1343256846994012,0.39388002354648927,54,1084,10,3263,0.04745166959578207,0.84375,0.08985024958402663,0.9525483304042179,0.047038327526132406,31,78,18,60,0.23076923076923078,0.5806451612903226,0.3302752293577982,9.219354844862416,5.032258064516129
F1,3,dual_precision30,4411,0.4507382664718857,1.1885848011209184,0.1343256846994012,0.39388002354648927,0,0,64,4347,,0.0,0.0,,0.0,31,0,0,0,,0.0,0.0,9.219354844862416,0.0
F1,3,standard,4411,0.4512875293727987,1.2144349486464046,0.0962616734295485,0.33545264382779133,1,7,63,4340,0.125,0.015625,0.027777777777777776,0.875,0.014084507042253521,31,2,1,1,0.5,0.03225806451612903,0.06060606060606061,9.219354844862416,0.1935483870967742
F1,3,persistence,4411,0.49018363276932736,1.4921923311239473,-0.36440654655002147,0.3177967267249894,12,52,52,4295,0.1875,0.1875,0.1875,0.8125,0.10344827586206896,31,31,7,24,0.22580645161290322,0.22580645161290322,0.22580645161290322,9.219354844862416,1.3548387096774193
F1,4,dual_global,4411,0.44129001902725873,1.1755157088623058,0.15325807929650404,0.4012315084532404,54,1181,10,3166,0.0437246963562753,0.84375,0.08314087759815242,0.9562753036437247,0.043373493975903614,31,79,18,61,0.22784810126582278,0.5806451612903226,0.3272727272727273,9.219354844862416,5.225806451612903
F1,4,dual_precision30,4411,0.44129001902725873,1.1755157088623058,0.15325807929650404,0.4012315084532404,0,0,64,4347,,0.0,0.0,,0.0,31,0,0,0,,0.0,0.0,9.219354844862416,0.0
F1,4,standard,4411,0.4754566027557153,1.2249520441188153,0.0805410158815818,0.3243463574453657,1,8,63,4339,0.1111111111111111,0.015625,0.0273972602739726,0.8888888888888888,0.013888888888888888,31,2,1,1,0.5,0.03225806451612903,0.06060606060606061,9.219354844862416,0.1935483870967742
F1,4,persistence,4411,0.5066878264573554,1.5083339857211506,-0.3940848914326014,0.3029575542836992,8,56,56,4291,0.125,0.125,0.125,0.875,0.06666666666666667,31,31,4,27,0.12903225806451613,0.12903225806451613,0.12903225806451613,9.219354844862416,0.7741935483870968
F1,5,dual_global,4411,0.4523531180690122,1.173988736369151,0.15544777541928856,0.39891667478751747,53,1254,11,3093,0.04055087987758225,0.828125,0.07731582786287382,0.9594491201224178,0.04021244309559939,31,80,16,64,0.2,0.5161290322580645,0.2882882882882883,9.219354844862416,5.032258064516129
F1,5,dual_precision30,4411,0.4523531180690122,1.173988736369151,0.15544777541928856,0.39891667478751747,0,0,64,4347,,0.0,0.0,,0.0,31,0,0,0,,0.0,0.0,9.219354844862416,0.0
F1,5,standard,4411,0.49233272196389305,1.245178131934777,0.049916841528718336,0.30428231680878565,1,9,63,4338,0.1,0.015625,0.02702702702702703,0.9,0.0136986301369863,31,2,1,1,0.5,0.03225806451612903,0.06060606060606061,9.219354844862416,0.1935483870967742
F1,5,persistence,4411,0.5165948777347026,1.5174172057562343,-0.41094036495079767,0.2945334422971757,8,56,56,4291,0.125,0.125,0.125,0.875,0.06666666666666667,31,31,3,28,0.0967741935483871,0.0967741935483871,0.0967741935483871,9.219354844862416,0.5806451612903226
F1,6,dual_global,4411,0.45683155874834663,1.181680377500994,0.14434498988643485,0.38411217118141805,54,1432,10,2915,0.03633916554508748,0.84375,0.0696774193548387,0.9636608344549125,0.03609625668449198,31,84,15,69,0.17857142857142858,0.4838709677419355,0.2608695652173913,9.219354844862416,4.645161290322581
F1,6,dual_precision30,4411,0.45683155874834663,1.181680377500994,0.14434498988643485,0.38411217118141805,0,0,64,4347,,0.0,0.0,,0.0,31,0,0,0,,0.0,0.0,9.219354844862416,0.0
F1,6,standard,4411,0.513353133264391,1.265697545933973,0.01834580697365351,0.2800968467913204,1,9,63,4338,0.1,0.015625,0.02702702702702703,0.9,0.0136986301369863,31,2,1,1,0.5,0.03225806451612903,0.06060606060606061,9.219354844862416,0.1935483870967742
F1,6,persistence,4411,0.5273860814237752,1.5368761208701875,-0.4473593649507963,0.2763240358549057,8,56,56,4291,0.125,0.125,0.125,0.875,0.06666666666666667,31,31,2,29,0.06451612903225806,0.06451612903225806,0.06451612903225806,9.219354844862416,0.3870967741935484
F2,1,dual_global,4363,0.12906483475843783,0.36212577501031024,0.2634620675549849,0.5158751867344198,3,69,2,4289,0.041666666666666664,0.6,0.07792207792207792,0.9583333333333334,0.04054054054054054,3,25,3,22,0.12,1.0,0.21428571428571425,7.9666666984558105,6.0
F2,1,dual_precision30,4363,0.12906483475843783,0.36212577501031024,0.2634620675549849,0.5158751867344198,0,4,5,4354,0.0,0.0,0.0,1.0,0.0,3,4,1,3,0.25,0.3333333333333333,0.28571428571428575,7.9666666984558105,2.0
F2,1,standard,4363,0.11551052601181898,0.37010174659681894,0.23065964721477283,0.5248883796796846,0,0,5,4358,,0.0,0.0,,0.0,3,0,0,0,,0.0,0.0,7.9666666984558105,0.0
F2,1,persistence,4363,0.0868209951785407,0.42495500349808657,-0.014289984574094028,0.49285500771295254,0,5,5,4353,0.0,0.0,0.0,1.0,0.0,3,3,2,1,0.6666666666666666,0.6666666666666666,0.6666666666666666,7.9666666984558105,4.0
F2,2,dual_global,4363,0.1465546535048399,0.39234735412860355,0.135395086221613,0.3850766159929995,3,131,2,4227,0.022388059701492536,0.6,0.04316546762589928,0.9776119402985075,0.022058823529411766,3,28,2,26,0.07142857142857142,0.6666666666666666,0.12903225806451613,7.9666666984558105,4.0
F2,2,dual_precision30,4363,0.1465546535048399,0.39234735412860355,0.135395086221613,0.3850766159929995,0,0,5,4358,,0.0,0.0,,0.0,3,0,0,0,,0.0,0.0,7.9666666984558105,0.0
F2,2,standard,4363,0.1265684035176562,0.4052216958672283,0.07772248119674463,0.4099991228110812,0,0,5,4358,,0.0,0.0,,0.0,3,0,0,0,,0.0,0.0,7.9666666984558105,0.0
F2,2,persistence,4363,0.11437084631528599,0.5048924087509303,-0.4317721975039699,0.28411390124801505,0,5,5,4353,0.0,0.0,0.0,1.0,0.0,3,3,2,1,0.6666666666666666,0.6666666666666666,0.6666666666666666,7.9666666984558105,4.0
F2,3,dual_global,4363,0.15275017134870872,0.39947126401599536,0.10371251867380382,0.3392559230897975,3,112,2,4246,0.02608695652173913,0.6,0.049999999999999996,0.9739130434782609,0.02564102564102564,3,28,2,26,0.07142857142857142,0.6666666666666666,0.12903225806451613,7.9666666984558105,4.0
F2,3,dual_precision30,4363,0.15275017134870872,0.39947126401599536,0.10371251867380382,0.3392559230897975,0,0,5,4358,,0.0,0.0,,0.0,3,0,0,0,,0.0,0.0,7.9666666984558105,0.0
F2,3,standard,4363,0.12611212207927852,0.41479223321478653,0.03364327195277306,0.3499771080251814,0,0,5,4358,,0.0,0.0,,0.0,3,0,0,0,,0.0,0.0,7.9666666984558105,0.0
F2,3,persistence,4363,0.12509741087845644,0.5213524642594993,-0.5266486721080665,0.23667566394596676,0,5,5,4353,0.0,0.0,0.0,1.0,0.0,3,3,2,1,0.6666666666666666,0.6666666666666666,0.6666666666666666,7.9666666984558105,4.0
F2,4,dual_global,4363,0.14414267053939922,0.4047975618323797,0.07966388321179674,0.299474919642093,3,181,2,4177,0.016304347826086956,0.6,0.031746031746031744,0.9836956521739131,0.016129032258064516,3,33,2,31,0.06060606060606061,0.6666666666666666,0.1111111111111111,7.9666666984558105,4.0
F2,4,dual_precision30,4363,0.14414267053939922,0.4047975618323797,0.07966388321179674,0.299474919642093,0,0,5,4358,,0.0,0.0,,0.0,3,0,0,0,,0.0,0.0,7.9666666984558105,0.0
F2,4,standard,4363,0.15740268363004947,0.4283886752477652,-0.030734119252128878,0.3157780955307667,0,0,5,4358,,0.0,0.0,,0.0,3,0,0,0,,0.0,0.0,7.9666666984558105,0.0
F2,4,persistence,4363,0.13479257455945642,0.523504386778149,-0.5392577181391391,0.23036622152443112,1,4,4,4354,0.2,0.2,0.20000000000000004,0.8,0.1111111111111111,3,3,2,1,0.6666666666666666,0.6666666666666666,0.6666666666666666,7.9666666984558105,4.0
F2,5,dual_global,4363,0.15606713708239958,0.4042046203539649,0.08236982686847216,0.3001489942769874,2,129,3,4229,0.015267175572519083,0.4,0.02941176470588235,0.9847328244274809,0.014925373134328358,3,28,2,26,0.07142857142857142,0.6666666666666666,0.12903225806451613,7.9666666984558105,4.0
F2,5,dual_precision30,4363,0.15606713708239958,0.4042046203539649,0.08236982686847216,0.3001489942769874,0,0,5,4358,,0.0,0.0,,0.0,3,0,0,0,,0.0,0.0,7.9666666984558105,0.0
F2,5,standard,4363,0.17031890782223447,0.4316121227631216,-0.046290800884507544,0.31544535271658797,0,0,5,4358,,0.0,0.0,,0.0,3,0,0,0,,0.0,0.0,7.9666666984558105,0.0
F2,5,persistence,4363,0.1402246168098017,0.5453237143284098,-0.670220872356105,0.16487889313895832,0,5,5,4353,0.0,0.0,0.0,1.0,0.0,3,3,1,2,0.3333333333333333,0.3333333333333333,0.3333333333333333,7.9666666984558105,2.0
F2,6,dual_global,4363,0.1538389708215822,0.4025910120809241,0.08969329845802598,0.3163076411679626,2,178,3,4180,0.011111111111111112,0.4,0.02162162162162162,0.9888888888888889,0.01092896174863388,3,32,2,30,0.0625,0.6666666666666666,0.11428571428571428,7.9666666984558105,4.0
F2,6,dual_precision30,4363,0.1538389708215822,0.4025910120809241,0.08969329845802598,0.3163076411679626,0,0,5,4358,,0.0,0.0,,0.0,3,0,0,0,,0.0,0.0,7.9666666984558105,0.0
F2,6,standard,4363,0.1625984958307905,0.42531573357171,-0.015973750935883047,0.32954859382306106,0,0,5,4358,,0.0,0.0,,0.0,3,0,0,0,,0.0,0.0,7.9666666984558105,0.0
F2,6,persistence,4363,0.1393307366336045,0.5268213035851819,-0.5587851052751933,0.22059251782959974,1,4,4,4354,0.2,0.2,0.20000000000000004,0.8,0.1111111111111111,3,3,1,2,0.3333333333333333,0.3333333333333333,0.3333333333333333,7.9666666984558105,2.0
F3,1,dual_global,3667,0.33213149658597313,1.2145245678959773,0.32518652200546894,0.6086063024694605,40,175,26,3426,0.18604651162790697,0.6060606060606061,0.2846975088967972,0.813953488372093,0.16597510373443983,25,48,9,39,0.1875,0.36,0.24657534246575344,9.591999969482423,2.64
F3,1,dual_precision30,3667,0.33213149658597313,1.2145245678959773,0.32518652200546894,0.6086063024694605,0,0,66,3601,,0.0,0.0,,0.0,25,0,0,0,,0.0,0.0,9.591999969482423,0.0
F3,1,standard,3667,0.3921401906420254,1.1878088625167427,0.35454753733674804,0.6144109460442032,7,4,59,3597,0.6363636363636364,0.10606060606060606,0.18181818181818182,0.36363636363636365,0.1,25,4,2,2,0.5,0.08,0.13793103448275865,9.591999969482423,0.48
F3,1,persistence,3667,0.32587946607203777,1.1620369869607692,0.3822524342465512,0.6911262171232757,33,33,33,3568,0.5,0.5,0.5,0.5,0.3333333333333333,25,25,12,13,0.48,0.48,0.48,9.591999969482423,2.88
F3,2,dual_global,3667,0.36622736388058047,1.2950452868989641,0.2327426616902275,0.5081596144519716,36,201,30,3400,0.1518987341772152,0.5454545454545454,0.2376237623762376,0.8481012658227848,0.1348314606741573,25,46,9,37,0.1956521739130435,0.36,0.2535211267605634,9.591999969482423,1.92
F3,2,dual_precision30,3667,0.36622736388058047,1.2950452868989641,0.2327426616902275,0.5081596144519716,0,0,66,3601,,0.0,0.0,,0.0,25,0,0,0,,0.0,0.0,9.591999969482423,0.0
F3,2,standard,3667,0.4148018405965004,1.2945599828600483,0.23331759651500183,0.4885862364872597,2,4,64,3597,0.3333333333333333,0.030303030303030304,0.05555555555555555,0.6666666666666666,0.02857142857142857,25,3,2,1,0.6666666666666666,0.08,0.14285714285714285,9.591999969482423,0.48
F3,2,persistence,3667,0.39760021736958645,1.3976742410283833,0.10631789450661777,0.5531589472533098,26,40,40,3561,0.3939393939393939,0.3939393939393939,0.3939393939393939,0.6060606060606061,0.24528301886792453,25,25,8,17,0.32,0.32,0.32,9.591999969482423,1.92
F3,3,dual_global,3667,0.3886763555205239,1.3341364384578593,0.1857240059338271,0.4460038806048049,33,182,33,3419,0.15348837209302327,0.5,0.23487544483985767,0.8465116279069768,0.13306451612903225,25,42,9,33,0.21428571428571427,0.36,0.26865671641791045,9.591999969482423,2.4
F3,3,dual_precision30,3667,0.3886763555205239,1.3341364384578593,0.1857240059338271,0.4460038806048049,0,0,66,3601,,0.0,0.0,,0.0,25,0,0,0,,0.0,0.0,9.591999969482423,0.0
F3,3,standard,3667,0.43898474383222524,1.3574103059471532,0.15706628670005385,0.39809735998498935,2,6,64,3595,0.25,0.030303030303030304,0.054054054054054064,0.75,0.027777777777777776,25,3,1,2,0.3333333333333333,0.04,0.07142857142857142,9.591999969482423,0.24
F3,3,persistence,3667,0.43916007651680006,1.4984475097315453,-0.02719810168806025,0.48640094915597065,23,43,43,3558,0.3484848484848485,0.3484848484848485,0.3484848484848485,0.6515151515151515,0.21100917431192662,25,25,5,20,0.2,0.2,0.20000000000000004,9.591999969482423,1.2
F3,4,dual_global,3667,0.4013393526685528,1.3722776088365005,0.13850037306681529,0.38398532855152134,29,159,37,3442,0.15425531914893617,0.4393939393939394,0.22834645669291342,0.8457446808510638,0.1288888888888889,25,35,6,29,0.17142857142857143,0.24,0.19999999999999998,9.591999969482423,1.44
F3,4,dual_precision30,3667,0.4013393526685528,1.3722776088365005,0.13850037306681529,0.38398532855152134,0,0,66,3601,,0.0,0.0,,0.0,25,0,0,0,,0.0,0.0,9.591999969482423,0.0
F3,4,standard,3667,0.4679315244189263,1.4145272798125994,0.08463607131787665,0.3160769835478313,2,12,64,3589,0.14285714285714285,0.030303030303030304,0.05,0.8571428571428571,0.02564102564102564,25,5,1,4,0.2,0.04,0.06666666666666667,9.591999969482423,0.24
F3,4,persistence,3667,0.46713935069583373,1.570959513530994,-0.12901867278849766,0.4354906636057523,20,46,46,3555,0.30303030303030304,0.30303030303030304,0.30303030303030304,0.696969696969697,0.17857142857142858,25,25,3,22,0.12,0.12,0.12,9.591999969482423,0.72
F3,5,dual_global,3667,0.41258326161399844,1.3959721024394005,0.1084932862893675,0.3420361596561889,26,160,40,3441,0.13978494623655913,0.3939393939393939,0.20634920634920634,0.8602150537634409,0.11504424778761062,25,35,5,30,0.14285714285714285,0.2,0.16666666666666666,9.591999969482423,1.2
F3,5,dual_precision30,3667,0.41258326161399844,1.3959721024394005,0.1084932862893675,0.3420361596561889,0,0,66,3601,,0.0,0.0,,0.0,25,0,0,0,,0.0,0.0,9.591999969482423,0.0
F3,5,standard,3667,0.4855123698205479,1.4316493972367175,0.06234194455614295,0.2952543319628325,1,15,65,3586,0.0625,0.015151515151515152,0.024390243902439025,0.9375,0.012345679012345678,25,6,1,5,0.16666666666666666,0.04,0.06451612903225806,9.591999969482423,0.24
F3,5,persistence,3667,0.49539132758808424,1.6480545997861895,-0.2425513081473738,0.37872434592631404,17,49,49,3552,0.25757575757575757,0.25757575757575757,0.25757575757575757,0.7424242424242424,0.14782608695652175,25,25,2,23,0.08,0.08,0.08,9.591999969482423,0.48
F3,6,dual_global,3667,0.41552383862644077,1.4044255449243577,0.09766338630674298,0.32666406170177514,27,198,39,3403,0.12,0.4090909090909091,0.18556701030927839,0.88,0.10227272727272728,25,39,6,33,0.15384615384615385,0.24,0.18750000000000003,9.591999969482423,1.44
F3,6,dual_precision30,3667,0.41552383862644077,1.4044255449243577,0.09766338630674298,0.32666406170177514,0,0,66,3601,,0.0,0.0,,0.0,25,0,0,0,,0.0,0.0,9.591999969482423,0.0
F3,6,standard,3667,0.5059466858498319,1.4438908818247014,0.04623828113151296,0.2762617236871233,0,19,66,3582,0.0,0.0,0.0,1.0,0.0,25,6,0,6,0.0,0.0,0.0,9.591999969482423,0.0
F3,6,persistence,3667,0.5113171523603003,1.7180255042164656,-0.35030026489483035,0.32484986755258566,15,51,51,3550,0.22727272727272727,0.22727272727272727,0.22727272727272727,0.7727272727272727,0.1282051282051282,25,25,2,23,0.08,0.08,0.08,9.591999969482423,0.48
