period,policy,MAE,RMSE,R2,CC,TP,FP,FN,TN,precision,recall,hourly_F1,event_observed,event_forecast,event_hit,event_precision,event_recall,event_F1
F1,dual_global,0.436806058706791,1.1568219951624796,0.17997187174070206,0.4330346771149243,323,6728,61,19354,0.045809105091476385,0.8411458333333334,0.08688634835238736,186,474,107,0.22573839662447256,0.5752688172043011,0.3242424242424242
F1,dual_precision30,0.436806058706791,1.1568219951624796,0.17997187174070206,0.4330346771149243,0,0,384,26082,,0.0,0.0,186,0,0,,0.0,0.0
F1,standard,0.4528716964939809,1.2070782248741025,0.10717466427170397,0.35696613536930316,8,49,376,26033,0.14035087719298245,0.020833333333333332,0.036281179138321996,186,14,7,0.5,0.03763440860215054,0.07
F1,persistence,0.4725232383018537,1.4354329558339893,-0.2625875439918621,0.368707309163901,78,306,306,25776,0.203125,0.203125,0.203125,186,186,38,0.20430107526881722,0.20430107526881722,0.20430107526881722
F2,dual_global,0.14706973967589457,0.3945399806910882,0.12571560384909553,0.3656289415973638,16,800,14,25348,0.0196078431372549,0.5333333333333333,0.037825059101654845,18,174,13,0.07471264367816093,0.7222222222222222,0.13541666666666666
F2,dual_precision30,0.14706973967589457,0.3945399806910882,0.12571560384909553,0.3656289415973638,0,4,30,26144,0.0,0.0,0.0,18,4,1,0.25,0.05555555555555555,0.09090909090909091
F2,standard,0.1430851898153047,0.41310448177813786,0.041503563214364214,0.3759636633704966,0,0,30,26148,,0.0,0.0,18,0,0,,0.0,0.0
F2,persistence,0.1234395300625243,0.5092947695421446,-0.4568308225713624,0.2715799328214703,2,28,28,26120,0.06666666666666667,0.06666666666666667,0.06666666666666667,18,18,10,0.5555555555555556,0.5555555555555556,0.5555555555555556
F3,dual_global,0.3860802781493449,1.337686268356818,0.18138503921540827,0.44185894150236515,191,1075,205,20531,0.15086887835703003,0.4823232323232323,0.22984356197352587,150,245,44,0.17959183673469387,0.29333333333333333,0.22278481012658227
F3,dual_precision30,0.3860802781493449,1.337686268356818,0.18138503921540827,0.44185894150236515,0,0,396,21606,,0.0,0.0,150,0,0,,0.0,0.0
F3,standard,0.45088622586000954,1.3579805154681144,0.15635795292622268,0.39831255775819197,14,60,382,21546,0.1891891891891892,0.03535353535353535,0.059574468085106386,150,27,7,0.25925925925925924,0.04666666666666667,0.07909604519774012
F3,persistence,0.43941459843377373,1.5102305327712937,-0.043416336460932126,0.4782918317695346,134,262,262,21344,0.3383838383838384,0.3383838383838384,0.3383838383838384,150,150,32,0.21333333333333335,0.21333333333333335,0.21333333333333335
